NCBI_Accession	Directory_Name	Species	Common_Name
GCA_011076525.1	Nettapus_auritus__African_pygmy_goose__HLnetAur1__GCA_011076525.1	Nettapus auritus	African pygmy goose
GCA_024635365.1	Aix_galericulata__mandarin_duck__HLaixGal1__GCA_024635365.1	Aix galericulata	mandarin duck
GCA_051175885.1	Aix_sponsa__Wood_duck__HLaixSpon1__GCA_051175885.1	Aix sponsa	Wood duck
GCA_038381965.1	Amazonetta_brasiliensis__Brazilian_duck__HLamaBras1__GCA_038381965.1	Amazonetta brasiliensis	Brazilian duck
GCF_963932015.1	Anas_acuta__Northern_pintail__HLanaAcu1__GCF_963932015.1	Anas acuta	Northern pintail
GCA_038381715.1	Anas_bahamensis__white-cheeked_pintail__HLanaBaha1__GCA_038381715.1	Anas bahamensis	white-cheeked pintail
GCA_032165215.1	Anas_bernieri__Berniers_teal__HLanaBern1__GCA_032165215.1	Anas bernieri	Berniers teal
GCA_032357685.1	Anas_capensis__Cape_teal__HLanaCape1__GCA_032357685.1	Anas capensis	Cape teal
GCA_036873605.1	Anas_crecca__Common_teal__HLanaCrec1__GCA_036873605.1	Anas crecca	Common teal
GCA_052075425.1	Anas_melleri__Mellers_duck__HLanaMell1__GCA_052075425.1	Anas melleri	Mellers duck
GCF_015476345.1	Anas_platyrhynchos__Mallard__HLanaPla3__GCF_015476345.1	Anas platyrhynchos	Mallard
GCA_002224875.1	Anas_zonorhyncha__Eastern_spot-billed_duck__HLanaZon1__GCA_002224875.1	Anas zonorhyncha	Eastern spot-billed duck
GCA_964188345.1	Anas_platyrhynchos__Mallard__HLanaPlat4A__GCA_964188345.1	Anas platyrhynchos	Mallard
GCA_002743455.1	Anas_platyrhynchos_platyrhynchos__common_mallard__HLanaPla2__GCA_002743455.1	Anas platyrhynchos platyrhynchos	common mallard
GCA_013398475.1	Asarcornis_scutulata__White_winged_duck__HLasaScu1__GCA_013398475.1	Asarcornis scutulata	White winged duck
GCA_964059595.1	Bucephala_clangula__Common_goldeneye__HLbucCla1__GCA_964059595.1	Bucephala clangula	Common goldeneye
GCA_009194515.1	Cairina_moschata_domestica__Muscovy_Duck__HLcaiMos1__GCA_009194515.1	Cairina moschata domestica	Muscovy Duck
GCA_049176255.1	Callonetta_leucophrys__Ringed_teal__HLcalLeuc1__GCA_049176255.1	Callonetta leucophrys	Ringed teal
GCA_963989345.1	Clangula_hyemalis__Long-tailed_duck__HLclaHyem1__GCA_963989345.1	Clangula hyemalis	Long-tailed duck
GCA_011075105.1	Heteronetta_atricapilla__Black_headed_duck__HLhetAtr1__GCA_011075105.1	Heteronetta atricapilla	Black headed duck
GCA_049176295.1	Lophodytes_cucullatus__Hooded_merganser__HLlopCucu1__GCA_049176295.1	Lophodytes cucullatus	Hooded merganser
GCA_053567875.1	Mareca_falcata__Falcated_duck__HLmarFalc1__GCA_053567875.1	Mareca falcata	Falcated duck
GCA_965278785.1	Mareca_strepera__Gadwall__HLmarStre1A__GCA_965278785.1	Mareca strepera	Gadwall
GCA_051254355.1	Mergellus_albellus__Smew__HLmerAlbe1__GCA_051254355.1	Mergellus albellus	Smew
GCA_036873955.1	Mergus_octosetaceus__Brazilian_merganser__HLmerOcto1A__GCA_036873955.1	Mergus octosetaceus	Brazilian merganser
GCA_011077185.1	Oxyura_jamaicensis__ruddy_duck__HLoxyJam1__GCA_011077185.1	Oxyura jamaicensis	ruddy duck
GCA_951411735.1	Somateria_mollissima__Common_eider__HLsomMoll1A__GCA_951411735.1	Somateria mollissima	Common eider
GCA_977066335.1	Spatula_clypeata__Northern_shoveler__HLspaClyp1A__GCA_977066335.1	Spatula clypeata	Northern shoveler
GCA_976913865.1	Anser_albifrons__White-fronted_goose__HLansAlbi1A__GCA_976913865.1	Anser albifrons	White-fronted goose
GCA_964211835.1	Anser_anser__Domestic_goose__HLansAnse1A__GCA_964211835.1	Anser anser	Domestic goose
GCA_002592135.1	Anser_brachyrhynchus__Pink-footed_goose__HLansBra1__GCA_002592135.1	Anser brachyrhynchus	Pink-footed goose
GCA_964034855.1	Anser_brachyrhynchus__Pink-footed_goose__HLansBrac2__GCA_964034855.1	Anser brachyrhynchus	Pink-footed goose
GCA_013030995.1	Anser_cygnoides__Swan_goose__HLansCyg2__GCA_013030995.1	Anser cygnoides	Swan goose
GCF_040182565.1	Anser_cygnoides__Swan_goose__HLansCygn3__GCF_040182565.1	Anser cygnoides	Swan goose
GCA_965277985.1	Anser_erythropus__Lesser_white-fronted_goose__HLansEryt1A__GCA_965277985.1	Anser erythropus	Lesser white-fronted goose
GCA_965250395.1	Anser_fabalis__Taiga_bean_goose__HLansFaba1__GCA_965250395.1	Anser fabalis	Taiga bean goose
GCA_006229135.1	Anser_indicus__Bar-headed_goose__HLansInd1__GCA_006229135.1	Anser indicus	Bar-headed goose
GCA_006130075.1	Branta_canadensis__Canada_goose__HLbraCan1__GCA_006130075.1	Branta canadensis	Canada goose
GCA_965231335.1	Branta_canadensis__Canada_goose__HLbraCana2__GCA_965231335.1	Branta canadensis	Canada goose
GCA_032270845.1	Branta_hutchinsii__Cackling_goose__HLbraHutc1__GCA_032270845.1	Branta hutchinsii	Cackling goose
GCA_965642265.1	Branta_leucopsis__Barnacle_goose__HLbraLeuc1A__GCA_965642265.1	Branta leucopsis	Barnacle goose
GCA_045784505.1	Branta_ruficollis__Red-breasted_goose__HLbraRufi1__GCA_045784505.1	Branta ruficollis	Red-breasted goose
GCA_051419555.1	Branta_sandvicensis__Nene__HLbraSand1__GCA_051419555.1	Branta sandvicensis	Nene
GCA_013377495.1	Cygnus_atratus__black_swan__HLcygAtr1__GCA_013377495.1	Cygnus atratus	black swan
GCF_013377495.2	Cygnus_atratus__Black_swan__HLcygAtr2__GCF_013377495.2	Cygnus atratus	Black swan
GCA_019232035.1	Cygnus_buccinator__trumperter_swan__HLcygBuc1__GCA_019232035.1	Cygnus buccinator	trumperter swan
GCA_965151615.1	Cygnus_columbianus__Tundra_swan__HLcygColu1__GCA_965151615.1	Cygnus columbianus	Tundra swan
GCA_965278775.1	Cygnus_cygnus__Common_whooper__HLcygCygn1A__GCA_965278775.1	Cygnus cygnus	Common whooper
GCA_009769625.1	Cygnus_olor__mute_swan__HLcygOlo1__GCA_009769625.1	Cygnus olor	mute swan
GCA_049176275.1	Aythya_americana__Redhead__HLaytAmer1__GCA_049176275.1	Aythya americana	Redhead
GCA_026413565.1	Aythya_baeri__Baers_pochard__HLaytBaer1__GCA_026413565.1	Aythya baeri	Baers pochard
GCA_964211825.1	Aythya_ferina__Common_pochard__HLaytFeri1A__GCA_964211825.1	Aythya ferina	Common pochard
GCA_009819795.1	Aythya_fuligula__tufted_duck__HLaytFul1__GCA_009819795.1	Aythya fuligula	tufted duck
GCA_965140915.1	Aythya_marila__Greater_scaup__HLaytMari1A__GCA_965140915.1	Aythya marila	Greater scaup
GCA_052075125.1	Aythya_nyroca__Ferruginous_duck__HLaytNyro1__GCA_052075125.1	Aythya nyroca	Ferruginous duck
GCA_051419195.1	Netta_peposaca__Rosy-billed_pochard__HLnetPepo1__GCA_051419195.1	Netta peposaca	Rosy-billed pochard
GCA_964035555.1	Netta_rufina__Red-crested_pochard__HLnetRuf1__GCA_964035555.1	Netta rufina	Red-crested pochard
GCA_049176575.1	Dendrocygna_arborea__Black-billed_whistling-duck__HLdenArbo1__GCA_049176575.1	Dendrocygna arborea	Black-billed whistling-duck
GCA_048604525.1	Dendrocygna_autumnalis__Black-bellied_whistling-duck__HLdenAutu1__GCA_048604525.1	Dendrocygna autumnalis	Black-bellied whistling-duck
GCA_051419595.1	Dendrocygna_bicolor__Fulvous_whistling-duck__HLdenBico1__GCA_051419595.1	Dendrocygna bicolor	Fulvous whistling-duck
GCA_051419395.1	Dendrocygna_viduata__White-faced_whistling-duck__HLdenVidu1__GCA_051419395.1	Dendrocygna viduata	White-faced whistling-duck
GCA_011074415.1	Stictonetta_naevosa__freckled_duck__HLstiNae1__GCA_011074415.1	Stictonetta naevosa	freckled duck
GCA_965278175.1	Alopochen_aegyptiaca__Egyptian_goose__HLaloAegy1A__GCA_965278175.1	Alopochen aegyptiaca	Egyptian goose
GCA_045784645.1	Tadorna_tadorna__Common_shelduck__HLtadTado1__GCA_045784645.1	Tadorna tadorna	Common shelduck
GCA_013399475.1	Chauna_torquata__southern_screamer__HLchaTor1__GCA_013399475.1	Chauna torquata	southern screamer
GCA_013399115.1	Anseranas_semipalmata__magpie_goose__HLansSem1__GCA_013399115.1	Anseranas semipalmata	magpie goose
GCA_013396635.1	Penelope_pileata__White-crested_guan__HLpenPil1__GCA_013396635.1	Penelope pileata	White-crested guan
GCA_014595935.1	Numida_meleagris__helmeted_guineafowl__HLnumMel2__GCA_014595935.1	Numida meleagris	helmeted guineafowl
GCA_002218305.1	Callipepla_squamata__scaled_quail__HLcalSqu1__GCA_002218305.1	Callipepla squamata	scaled quail
GCA_023055725.1	Callipepla_californica_brunnescens__California_quail__HLcalCalBru1__GCA_023055725.1	Callipepla californica brunnescens	California quail
GCA_008692595.1	Colinus_virginianus__northern_bobwhite__HLcolVir2__GCA_008692595.1	Colinus virginianus	northern bobwhite
GCF_038088225.1	Cyrtonyx_montezumae__Montezuma_quail__HLcyrMon1__GCF_038088225.1	Cyrtonyx montezumae	Montezuma quail
GCA_013399175.1	Odontophorus_gujanensis__marbled_wood_quail__HLodoGuj1__GCA_013399175.1	Odontophorus gujanensis	marbled wood quail
GCA_036925125.1	Oreortyx_pictus__Mountain_quail__HLorePict1A__GCA_036925125.1	Oreortyx pictus	Mountain quail
GCF_039878825.1	Excalfactoria_chinensis__Blue-breasted_quail__HLexcChin1B__GCF_039878825.1	Excalfactoria chinensis	Blue-breasted quail
GCA_905368555.1	Meleagris_gallopavo__turkey__HLmelGal6__GCA_905368555.1	Meleagris gallopavo	turkey
GCA_019345075.1	Alectoris_rufa__red-legged_partridge__HLalcRuf1__GCA_019345075.1	Alectoris rufa	red-legged partridge
GCA_035666275.1	Alectoris_chukar__Chukar_partridge__HLaleChuk1__GCA_035666275.1	Alectoris chukar	Chukar partridge
GCA_965278835.1	Alectoris_graeca__Rock_partridge__HLaleGrae1__GCA_965278835.1	Alectoris graeca	Rock partridge
GCA_030625065.1	Alectoris_magna__Przewalskis_partridge__HLaleMagn1__GCA_030625065.1	Alectoris magna	Przewalskis partridge
GCA_002909625.1	Bambusicola_thoracicus__Chinese_bamboo-partridge__HLbamTho1__GCA_002909625.1	Bambusicola thoracicus	Chinese bamboo-partridge
GCA_051820755.1	Coturnix_coturnix__Common_quail__HLcotCotu1__GCA_051820755.1	Coturnix coturnix	Common quail
GCF_001577835.1	Coturnix_japonica__Japanese_quail__cotJap2__GCF_001577835.1	Coturnix japonica	Japanese quail
GCA_035772895.1	Perdix_hodgsoniae__Tibetan_partridge__HLperHodg1__GCA_035772895.1	Perdix hodgsoniae	Tibetan partridge
GCA_036784685.1	Chrysolophus_amherstiae__Lady_Amhersts_pheasant__HLchrAmhe1__GCA_036784685.1	Chrysolophus amherstiae	Lady Amhersts pheasant
GCA_003413605.1	Chrysolophus_pictus__golden_pheasant__HLchrPic1__GCA_003413605.1	Chrysolophus pictus	golden pheasant
GCA_036346035.1	Crossoptilon_crossoptilon__White-eared_pheasant__HLcroCros1__GCA_036346035.1	Crossoptilon crossoptilon	White-eared pheasant
GCA_019593555.1	Crossoptilon_mantchuricum__brown_eared-pheasant__HLcroMan1__GCA_019593555.1	Crossoptilon mantchuricum	brown eared-pheasant
GCF_016699485.2	Gallus_gallus__chicken__HLgalGal7__GCF_016699485.2	Gallus gallus	chicken
GCF_016700215.2	Gallus_gallus__Chicken__HLgalGal8__GCF_016700215.2	Gallus gallus	Chicken
GCF_000002315.5	Gallus_gallus__chicken__galGal6__GCF_000002315.5	Gallus gallus	chicken
GCA_021292215.1	Lophura_nycthemera__Silver_pheasant__HLlopNyc1__GCA_021292215.1	Lophura nycthemera	Silver pheasant
GCA_030408155.1	Lophura_swinhoii__Swinhoes_pheasant__HLlopSwin1__GCA_030408155.1	Lophura swinhoii	Swinhoes pheasant
GCA_005519975.1	Pavo_cristatus__Indian_peafowl__HLpavCri1__GCA_005519975.1	Pavo cristatus	Indian peafowl
GCA_016647715.1	Pavo_muticus__green_peafowl__HLpavMut1__GCA_016647715.1	Pavo muticus	green peafowl
GCA_004143745.1	Phasianus_colchicus__Ring-necked_pheasant__HLphaCol1__GCA_004143745.1	Phasianus colchicus	Ring-necked pheasant
GCA_015227605.1	Phasianus_colchicus__Ring-necked_pheasant__HLphaCol2__GCA_015227605.1	Phasianus colchicus	Ring-necked pheasant
GCA_003435085.1	Syrmaticus_mikado__Mikado_pheasant__HLsyrMik1__GCA_003435085.1	Syrmaticus mikado	Mikado pheasant
GCA_028571105.1	Tragopan_temminckii__Temmincks_tragopan__HLtraTemm1__GCA_028571105.1	Tragopan temminckii	Temmincks tragopan
GCA_005890655.1	Centrocercus_minimus__Gunnison_sage-grouse__HLcenMin1__GCA_005890655.1	Centrocercus minimus	Gunnison sage-grouse
GCF_019232065.1	Centrocercus_urophasianus__Greater_sage-grouse__HLcenUro1__GCF_019232065.1	Centrocercus urophasianus	Greater sage-grouse
GCF_019238085.1	Lagopus_leucura__white-tailed_ptarmigan__HLlagLeu1__GCF_019238085.1	Lagopus leucura	white-tailed ptarmigan
GCA_023343835.1	Lagopus_muta__rock_ptarmigan__HLlagMut1__GCA_023343835.1	Lagopus muta	rock ptarmigan
GCA_043882375.1	Lyrurus_tetrix__Black_grouse__HLlyrTetr1__GCA_043882375.1	Lyrurus tetrix	Black grouse
GCA_951394365.1	Tetrao_urogallus__Western_capercaillie__HLtetUro1__GCA_951394365.1	Tetrao urogallus	Western capercaillie
GCF_026119805.1	Tympanuchus_pallidicinctus__Lesser_prairie-chicken__HLtymPal1__GCF_026119805.1	Tympanuchus pallidicinctus	Lesser prairie-chicken
GCA_001870855.1	Tympanuchus_cupido_pinnatus__greater_prairie_chicken__HLtymCup1__GCA_001870855.1	Tympanuchus cupido pinnatus	greater prairie chicken
GCF_034638445.1	Ciconia_boyciana__Oriental_stork__HLcicBoyc1__GCF_034638445.1	Ciconia boyciana	Oriental stork
GCA_030584885.1	Ciconia_ciconia__White_stork__HLcicCico1__GCA_030584885.1	Ciconia ciconia	White stork
GCA_017639555.1	Ciconia_maguari__Maguari_stork__HLcicMag2__GCA_017639555.1	Ciconia maguari	Maguari stork
GCF_035582795.1	Mycteria_americana__Wood_stork__HLmycAmer1__GCF_035582795.1	Mycteria americana	Wood stork
GCA_013400375.1	Thinocorus_orbignyianus__Gray_breasted_seedsnipe__HLthiOrb1__GCA_013400375.1	Thinocorus orbignyianus	Gray breasted seedsnipe
GCF_030936135.1	Gavia_stellata__Red-throated_loon__HLgavStel3B__GCF_030936135.1	Gavia stellata	Red-throated loon
GCF_000690875.1	Gavia_stellata__red-throated_loon__gavSte1__GCF_000690875.1	Gavia stellata	red-throated loon
GCA_017310255.1	Butorides_virescens__green_heron__HLbutVir1__GCA_017310255.1	Butorides virescens	green heron
GCA_013396365.1	Cochlearius_cochlearius__boat-billed_heron__HLcocCoc1__GCA_013396365.1	Cochlearius cochlearius	boat-billed heron
GCF_000687185.1	Egretta_garzetta__little_egret__egrGar1__GCF_000687185.1	Egretta garzetta	little egret
GCA_018403395.1	Gorsachius_goisagi__Japanese_night-heron__HLgorGoi1__GCA_018403395.1	Gorsachius goisagi	Japanese night-heron
GCA_034008185.1	Gorsachius_magnificus__White-eared_night_heron__HLgorMagn1__GCA_034008185.1	Gorsachius magnificus	White-eared night heron
GCA_023375905.1	Nycticorax_nycticorax__black-crowned_night-heron__HLnycNyc1__GCA_023375905.1	Nycticorax nycticorax	black-crowned night-heron
GCA_030463565.1	Pelecanus_crispus__Dalmatian_pelican__HLpelCris2__GCA_030463565.1	Pelecanus crispus	Dalmatian pelican
GCA_051176275.1	Pelecanus_erythrorhynchos__American_white_pelican__HLpelEryt1__GCA_051176275.1	Pelecanus erythrorhynchos	American white pelican
GCF_000687375.1	Pelecanus_crispus__Dalmatian_pelican__pelCri1__GCF_000687375.1	Pelecanus crispus	Dalmatian pelican
GCA_013400535.1	Scopus_umbretta__Hamerkop__HLscoUmbr1__GCA_013400535.1	Scopus umbretta	Hamerkop
GCA_041043685.1	Eudocimus_ruber__Scarlet_ibis__HLeudRube1__GCA_041043685.1	Eudocimus ruber	Scarlet ibis
GCA_013399675.1	Mesembrinibis_cayennensis__Green_ibis__HLmesCay1__GCA_013399675.1	Mesembrinibis cayennensis	Green ibis
GCF_000708225.1	Nipponia_nippon__crested_ibis__nipNip1__GCF_000708225.1	Nipponia nippon	crested ibis
GCA_965183815.1	Platalea_leucorodia__Eurasian_spoonbill__HLplaLeuc1A__GCA_965183815.1	Platalea leucorodia	Eurasian spoonbill
GCA_037975005.1	Platalea_minor__Black-faced_spoonbill__HLplaMino1__GCA_037975005.1	Platalea minor	Black-faced spoonbill
GCA_045787385.1	Plegadis_falcinellus__glossy_ibis__HLpleFalc1__GCA_045787385.1	Plegadis falcinellus	glossy ibis
GCA_020745775.1	Theristicus_caerulescens__plumbeous_ibis__HLtheCae1__GCA_020745775.1	Theristicus caerulescens	plumbeous ibis
GCA_028583065.1	Threskiornis_aethiopicus__Sacred_ibis__HLthrAeth1__GCA_028583065.1	Threskiornis aethiopicus	Sacred ibis
GCA_014363385.1	Phoebastria_albatrus__Short-tailed_albatross__HLphoAlb1__GCA_014363385.1	Phoebastria albatrus	Short-tailed albatross
GCA_013396615.1	Oceanites_oceanicus__Wilsons_storm-petrel__HLoceOce1__GCA_013396615.1	Oceanites oceanicus	Wilsons storm-petrel
GCA_013397025.1	Hydrobates_tethys__Wedge-rumped_storm-petrel__HLhydTet1__GCA_013397025.1	Hydrobates tethys	Wedge-rumped storm-petrel
GCA_045784155.1	Ardenna_gravis__Great_shearwater__HLardGrav1__GCA_045784155.1	Ardenna gravis	Great shearwater
GCA_013401115.1	Calonectris_borealis__Corys_shearwater__HLcalBor1__GCA_013401115.1	Calonectris borealis	Corys shearwater
NCBI	Calonectris_borealis__Corys_shearwater__HLcalBor2	Calonectris borealis	Corys shearwater
GCA_964195595.2	Calonectris_borealis__Corys_shearwater__HLcalBore3A__GCA_964195595.2	Calonectris borealis	Corys shearwater
GCF_000690835.1	Fulmarus_glacialis__Northern_fulmar__fulGla1__GCF_000690835.1	Fulmarus glacialis	Northern fulmar
GCA_013400755.1	Pelecanoides_urinatrix__Common_diving_petrel__HLpelUri1__GCA_013400755.1	Pelecanoides urinatrix	Common diving petrel
GCA_023333565.1	Puffinus_mauretanicus__Balearic_shearwater__HLpufMau1__GCA_023333565.1	Puffinus mauretanicus	Balearic shearwater
GCA_045787345.1	Puffinus_yelkouan__Yelkouan_shearwater__HLpufYelk1__GCA_045787345.1	Puffinus yelkouan	Yelkouan shearwater
GCA_010087175.1	Aptenodytes_patagonicus__king_penguin__HLaptPat1__GCA_010087175.1	Aptenodytes patagonicus	king penguin
GCF_000699145.1	Aptenodytes_forsteri__emperor_penguin__aptFor1__GCF_000699145.1	Aptenodytes forsteri	emperor penguin
GCA_010085355.1	Eudyptes_chrysocome__Rockhopper_penguin__HLeudChr1__GCA_010085355.1	Eudyptes chrysocome	Rockhopper penguin
GCA_010084205.1	Eudyptes_chrysolophus__Macaroni_penguin__HLeudChy1__GCA_010084205.1	Eudyptes chrysolophus	Macaroni penguin
GCA_010085365.1	Eudyptes_filholi__Southern_rockhopper_penguin__HLeudFil1__GCA_010085365.1	Eudyptes filholi	Southern rockhopper penguin
GCA_010082375.1	Eudyptes_moseleyi__Northern_rockhopper_penguin__HLeudMos1__GCA_010082375.1	Eudyptes moseleyi	Northern rockhopper penguin
GCA_010085335.1	Eudyptes_pachyrhynchus__Fiordland_penguin__HLeudPac1__GCA_010085335.1	Eudyptes pachyrhynchus	Fiordland penguin
GCA_010085315.1	Eudyptes_robustus__Snares_penguin__HLeudRob1__GCA_010085315.1	Eudyptes robustus	Snares penguin
GCA_010080425.1	Eudyptes_schlegeli__Royal_penguin__HLeudSch1__GCA_010080425.1	Eudyptes schlegeli	Royal penguin
GCA_010078445.1	Eudyptes_sclateri__Erect-crested_penguin__HLeudScl1__GCA_010078445.1	Eudyptes sclateri	Erect-crested penguin
GCA_010080465.1	Eudyptula_albosignata__White-flippered_penguin__HLeudAlb1__GCA_010080465.1	Eudyptula albosignata	White-flippered penguin
GCA_010080355.1	Eudyptula_minor__Little_blue_penguin__HLeudMin1__GCA_010080355.1	Eudyptula minor	Little blue penguin
GCA_010078495.1	Eudyptula_novaehollandiae__Australian_little_penguin__HLeudNov1__GCA_010078495.1	Eudyptula novaehollandiae	Australian little penguin
GCA_010078485.1	Megadyptes_antipodes_antipodes__Yellow-eyed_penguin__HLmegAnt1__GCA_010078485.1	Megadyptes antipodes antipodes	Yellow-eyed penguin
GCA_010078415.1	Pygoscelis_antarcticus__chinstrap_penguin__HLpygAnt1__GCA_010078415.1	Pygoscelis antarcticus	chinstrap penguin
GCA_010090195.1	Pygoscelis_papua__Gentoo_penguin__HLpygPap1__GCA_010090195.1	Pygoscelis papua	Gentoo penguin
GCF_000699105.1	Pygoscelis_adeliae__Adelie_penguin__pygAde1__GCF_000699105.1	Pygoscelis adeliae	Adelie penguin
GCA_010077935.1	Spheniscus_demersus__jackass_penguin__HLsphDem1__GCA_010077935.1	Spheniscus demersus	jackass penguin
GCA_050947425.1	Spheniscus_demersus__Jackass_penguin__HLsphDeme2A__GCA_050947425.1	Spheniscus demersus	Jackass penguin
GCA_010076325.1	Spheniscus_humboldti__Humboldts_penguin__HLsphHum1__GCA_010076325.1	Spheniscus humboldti	Humboldts penguin
GCA_027474245.1	Spheniscus_humboldti__Humboldts_penguin__HLsphHumb2__GCA_027474245.1	Spheniscus humboldti	Humboldts penguin
GCA_010076225.1	Spheniscus_magellanicus__Magellanic_penguin__HLsphMag1__GCA_010076225.1	Spheniscus magellanicus	Magellanic penguin
GCA_010077915.1	Spheniscus_mendiculus__Galapagos_penguin__HLsphMen1__GCA_010077915.1	Spheniscus mendiculus	Galapagos penguin
GCA_003264655.1	Spheniscus_mendiculus__Galapagos_penguin__HLsphMen2__GCA_003264655.1	Spheniscus mendiculus	Galapagos penguin
GCA_013396435.1	Anhinga_anhinga__American_anhinga__HLanhAnh1__GCA_013396435.1	Anhinga anhinga	American anhinga
GCA_013389945.1	Fregata_magnificens__Magnificent_frigatebird__HLfreMag1__GCA_013389945.1	Fregata magnificens	Magnificent frigatebird
GCA_002173455.1	Nannopterum_auritus__double-crested_cormorant__HLnanAur1__GCA_002173455.1	Nannopterum auritus	double-crested cormorant
GCA_002173475.1	Nannopterum_harrisi__Galapagos_flightless_cormorant__HLnanHar1__GCA_002173475.1	Nannopterum harrisi	Galapagos flightless cormorant
GCA_949628215.1	Phalacrocorax_aristotelis__European_shag__HLphaAri1__GCA_949628215.1	Phalacrocorax aristotelis	European shag
GCF_963921805.1	Phalacrocorax_carbo__Great_cormorant__HLphaCarb2__GCF_963921805.1	Phalacrocorax carbo	Great cormorant
GCA_002173435.1	Phalacrocorax_pelagicus__Pelagic_cormorant__HLuriPel1__GCA_002173435.1	Phalacrocorax pelagicus	Pelagic cormorant
GCF_000708925.1	Phalacrocorax_carbo__great_cormorant__phaCar1__GCF_000708925.1	Phalacrocorax carbo	great cormorant
GCA_031468815.1	Morus_bassanus__Northern_gannet__HLmorBass1B__GCA_031468815.1	Morus bassanus	Northern gannet
GCA_013389905.1	Sula_dactylatra__masked_booby__HLsulDac1__GCA_013389905.1	Sula dactylatra	masked booby,white booby
GCA_045787245.1	Sula_leucogaster__Brown_booby__HLsulLeuc1__GCA_045787245.1	Sula leucogaster	Brown booby
GCA_008658365.1	Alca_torda__razorbill__HLalcTor1__GCA_008658365.1	Alca torda	razorbill
GCA_013401065.1	Cepphus_grylle__Black_guillemot__HLcepGry1__GCA_013401065.1	Cepphus grylle	Black guillemot
GCA_905066775.2	Fratercula_arctica__Atlantic_puffin__HLfraArc1__GCA_905066775.2	Fratercula arctica	Atlantic puffin
GCA_014363165.1	Fratercula_cirrhata__tufted_puffin__HLfraCirr1__GCA_014363165.1	Fratercula cirrhata	tufted puffin
GCA_013401055.1	Uria_aalge__common_murre__HLuriAal1__GCA_013401055.1	Uria aalge	common murre
GCA_002289315.1	Uria_lomvia__thick-billed_guillemot__HLuriLom1__GCA_002289315.1	Uria lomvia	thick-billed guillemot
GCA_013397275.1	Burhinus_bistriatus__Double_striped_thick_knee__HLburBis1__GCA_013397275.1	Burhinus bistriatus	Double striped thick knee
GCA_008921705.1	Burhinus_oedicnemus__Eurasian_thick-knee__HLburOed1__GCA_008921705.1	Burhinus oedicnemus	Eurasian thick-knee
GCA_043789995.1	Anarhynchus_nivosus__Snowy_plover__HLanaNivo1__GCA_043789995.1	Anarhynchus nivosus	Snowy plover
GCA_008711295.1	Charadrius_alexandrinus__Kentish_plover__HLchaAle1__GCA_008711295.1	Charadrius alexandrinus	Kentish plover
GCF_000708025.1	Charadrius_vociferus__killdeer__chaVoc2__GCF_000708025.1	Charadrius vociferus	killdeer
GCA_013398815.1	Ibidorhyncha_struthersii__Ibisbill__HLibiStr1__GCA_013398815.1	Ibidorhyncha struthersii	Ibisbill
GCA_017639485.1	Pluvialis_apricaria__European_golden_plover__HLpluApr1__GCA_017639485.1	Pluvialis apricaria	European golden plover
GCA_045787105.1	Pluvialis_dominica__American_golden-plover__HLpluDomi1__GCA_045787105.1	Pluvialis dominica	American golden-plover
GCA_013400795.1	Pluvianellus_socialis__magellanic_plover__HLpluSoc1__GCA_013400795.1	Pluvianellus socialis	magellanic plover
GCA_965231255.1	Vanellus_vanellus__Northern_lapwing__HLvanVane1A__GCA_965231255.1	Vanellus vanellus	Northern lapwing
GCA_013398295.1	Chionis_minor__black-faced_sheathbill__HLchiMin1__GCA_013398295.1	Chionis minor	black-faced sheathbill
GCA_013398915.1	Dromas_ardeola__Crab_plover__HLdroArd1__GCA_013398915.1	Dromas ardeola	Crab plover
GCA_013401295.1	Glareola_pratincola__Collared_pratincole__HLglaPra1__GCA_013401295.1	Glareola pratincola	Collared pratincole
GCA_013400135.1	Rhinoptilus_africanus__double-banded_courser__HLrhiAfr1__GCA_013400135.1	Rhinoptilus africanus	double-banded courser
GCA_976988815.1	Haematopus_ostralegus__Eurasian_oystercatcher__HLhaeOstr1A__GCA_976988815.1	Haematopus ostralegus	Eurasian oystercatcher
GCA_013400555.1	Jacana_jacana__wattled_jacana__HLjacJac1__GCA_013400555.1	Jacana jacana	wattled jacana
GCA_045838335.1	Chlidonias_hybrida__Whiskered_tern__HLchlHybr1__GCA_045838335.1	Chlidonias hybrida	Whiskered tern
GCA_045788085.1	Chroicocephalus_genei__Slender-billed_gull__HLchrGene1__GCA_045788085.1	Chroicocephalus genei	Slender-billed gull
GCA_013397655.1	Chroicocephalus_maculipennis__brown-hooded_gull__HLchrMac1__GCA_013397655.1	Chroicocephalus maculipennis	brown-hooded gull
GCA_030820635.1	Chroicocephalus_ridibundus__Black-headed_gull__HLchrRid1__GCA_030820635.1	Chroicocephalus ridibundus	Black-headed gull
GCF_963924245.1	Chroicocephalus_ridibundus__Black-headed_gull__HLchrRidi2__GCF_963924245.1	Chroicocephalus ridibundus	Black-headed gull
GCA_045787485.1	Gelochelidon_nilotica__Gull-billed_tern__HLgelNilo1__GCA_045787485.1	Gelochelidon nilotica	Gull-billed tern
GCA_045787045.1	Ichthyaetus_audouinii__Audouins_gull__HLichAudo1__GCA_045787045.1	Ichthyaetus audouinii	Audouins gull
GCA_964417175.1	Larus_argentatus__European_herring_gull__HLlarArg1A__GCA_964417175.1	Larus argentatus	European herring gull
GCA_045783775.1	Larus_cachinnans__Caspian_gull__HLlarCach1__GCA_045783775.1	Larus cachinnans	Caspian gull
GCA_966204495.1	Larus_canus__Mew_gull__HLlarCanu1A__GCA_966204495.1	Larus canus	Mew gull
GCA_963932225.1	Larus_fuscus__Lesser_black-backed_gull__HLlarFus1__GCA_963932225.1	Larus fuscus	Lesser black-backed gull
GCA_965654385.1	Larus_glaucescens__Glaucous-winged_gull__HLlarGlau1A__GCA_965654385.1	Larus glaucescens	Glaucous-winged gull
GCA_965654215.1	Larus_hyperboreus__Glaucous_gull__HLlarHype1A__GCA_965654215.1	Larus hyperboreus	Glaucous gull
GCA_965649785.1	Larus_marinus__Great_black-backed_gull__HLlarMari1A__GCA_965649785.1	Larus marinus	Great black-backed gull
GCF_964199755.1	Larus_michahellis__Yellow-legged_gull__HLlarMich1__GCF_964199755.1	Larus michahellis	Yellow-legged gull
GCA_965654455.1	Larus_occidentalis__Western_gull__HLlarOcci1A__GCA_965654455.1	Larus occidentalis	Western gull
GCA_013400295.1	Larus_smithsonianus__American_herring_gull__HLlarSmi1__GCA_013400295.1	Larus smithsonianus	American herring gull
GCA_045787305.1	Larus_thayeri__Thayers_gull__HLlarThay1__GCA_045787305.1	Larus thayeri	Thayers gull
GCA_053573735.1	Leucophaeus_fuliginosus__Lava_gull__HLleuFuli1__GCA_053573735.1	Leucophaeus fuliginosus	Lava gull
GCA_045787705.1	Pagophila_eburnea__Ivory_gull__HLpagEbur1__GCA_045787705.1	Pagophila eburnea	Ivory gull
GCF_028500815.1	Rissa_tridactyla__black-legged_kittiwake__HLrisTri2__GCF_028500815.1	Rissa tridactyla	black-legged kittiwake
GCA_013400035.1	Rynchops_niger__black_skimmer__HLrynNig1__GCA_013400035.1	Rynchops niger	black skimmer
GCA_009819605.1	Sterna_hirundo__Common_tern__HLsteHir1__GCA_009819605.1	Sterna hirundo	Common tern
GCA_013398155.1	Pedionomus_torquatus__plains-wanderer__HLpedTor1__GCA_013398155.1	Pedionomus torquatus	plains-wanderer
GCA_003993805.1	Himantopus_himantopus_leucocephalus__black-winged_stilt__HLhimHim1__GCA_003993805.1	Himantopus himantopus leucocephalus	black-winged stilt
GCA_013400095.1	Himantopus_himantopus__black-winged_stilt__HLhimHim2__GCA_013400095.1	Himantopus himantopus	black-winged stilt
GCA_004023745.1	Recurvirostra_avosetta__Pied_Avocet__HLrecAvo1__GCA_004023745.1	Recurvirostra avosetta	Pied Avocet
GCA_013400055.1	Nycticryphes_semicollaris__South_American_painted-snipe__HLnycSem1__GCA_013400055.1	Nycticryphes semicollaris	South American painted-snipe
GCA_013399305.1	Rostratula_benghalensis__greater_painted-snipe__HLrosBen1__GCA_013399305.1	Rostratula benghalensis	greater painted-snipe
GCA_045788345.1	Actitis_hypoleucos__Common_sandpiper__HLactHypo1__GCA_045788345.1	Actitis hypoleucos	Common sandpiper
GCA_013399435.1	Arenaria_interpres__ruddy_turnstone__HLareInt1__GCA_013399435.1	Arenaria interpres	ruddy turnstone
GCA_045788245.1	Calidris_canutus__Red_knot__HLcalCanu1__GCA_045788245.1	Calidris canutus	Red knot
GCA_045787265.1	Calidris_fuscicollis__White-rumped_sandpiper__HLcalFusc1__GCA_045787265.1	Calidris fuscicollis	White-rumped sandpiper
GCA_045788275.1	Calidris_himantopus__Stilt_sandpiper__HLcalHima1__GCA_045788275.1	Calidris himantopus	Stilt sandpiper
GCA_045783535.1	Calidris_maritima__Purple_sandpiper__HLcalMari1__GCA_045783535.1	Calidris maritima	Purple sandpiper
GCA_045783155.1	Calidris_melanotos__Pectoral_sandpiper__HLcalMela1__GCA_045783155.1	Calidris melanotos	Pectoral sandpiper
GCA_001431845.1	Calidris_pugnax__ruff__HLcalPug1__GCA_001431845.1	Calidris pugnax	ruff
GCA_003697955.1	Calidris_pygmaea__Spoon-billed_sandpiper__HLcalPyg1__GCA_003697955.1	Calidris pygmaea	Spoon-billed sandpiper
GCA_045782775.1	Calidris_ruficollis__Rufous-necked_stint__HLcalRufi1__GCA_045782775.1	Calidris ruficollis	Rufous-necked stint
GCA_045781935.1	Calidris_temminckii__Temmincks_stint__HLcalTemm1__GCA_045781935.1	Calidris temminckii	Temmincks stint
GCA_964304605.1	Lymnocryptes_minimus__Jack_snipe__HLlymMini1__GCA_964304605.1	Lymnocryptes minimus	Jack snipe
GCA_964106895.1	Numenius_arquata__Eurasian_curlew__HLnumArq1A__GCA_964106895.1	Numenius arquata	Eurasian curlew
GCA_964304615.2	Scolopax_rusticola__Eurasian_woodcock__HLscoRust1__GCA_964304615.2	Scolopax rusticola	Eurasian woodcock
GCA_045787125.1	Tringa_erythropus__Spotted_redshank__HLtriEryt1__GCA_045787125.1	Tringa erythropus	Spotted redshank
GCA_045782655.1	Tringa_flavipes__Lesser_yellowlegs__HLtriFlav1__GCA_045782655.1	Tringa flavipes	Lesser yellowlegs
GCA_013396915.1	Stercorarius_parasiticus__Parasitic_jaeger__HLstePar1__GCA_013396915.1	Stercorarius parasiticus	Parasitic jaeger
GCA_013400935.1	Turnix_velox__Little_buttonquail__HLturVel1__GCA_013400935.1	Turnix velox	Little buttonquail
GCA_013398195.1	Caloenas_nicobarica__Nicobar_pigeon__HLcalNic1__GCA_013398195.1	Caloenas nicobarica	Nicobar pigeon
GCF_036013445.1	Caloenas_nicobarica__Nicobar_pigeon__HLcalNico2A__GCF_036013445.1	Caloenas nicobarica	Nicobar pigeon
GCA_032206185.1	Columba_guinea__Speckled_pigeon__HLcolGuin1__GCA_032206185.1	Columba guinea	Speckled pigeon
GCA_000337935.2	Columba_livia__rock_pigeon__HLcolLiv2__GCA_000337935.2	Columba livia	rock pigeon
GCF_036013475.1	Columba_livia__Rock_pigeon__HLcolLivi3__GCF_036013475.1	Columba livia	Rock pigeon
GCA_965250375.1	Columba_palumbus__common_wood_pigeon__HLcolPalu1__GCA_965250375.1	Columba palumbus	common wood pigeon
GCA_014362705.1	Columba_janthina_nitens__Japanese_wood-pigeon__HLcolJanNit1__GCA_014362705.1	Columba janthina nitens	Japanese wood-pigeon
GCA_013397635.1	Columbina_picui__picui_ground-dove__HLcolPic1__GCA_013397635.1	Columbina picui	picui ground-dove
GCA_963082525.1	Nesoenas_mayeri__Pink_pigeon__HLnesMay1__GCA_963082525.1	Nesoenas mayeri	Pink pigeon
GCA_053455885.1	Nesoenas_picturatus__Madagascar_turtle-dove__HLnesPict1__GCA_053455885.1	Nesoenas picturatus	Madagascar turtle-dove
GCA_013399365.1	Alopecoenas_beccarii__Western_bronze_ground-dove__HLaloBec1__GCA_013399365.1	Alopecoenas beccarii	Western bronze ground-dove
GCA_036971685.1	Patagioenas_fasciata__Band-tailed_pigeon__HLpatFas2__GCA_036971685.1	Patagioenas fasciata	Band-tailed pigeon
GCF_037038585.1	Patagioenas_fasciata__Band-tailed_pigeon__HLpatFasc3A__GCF_037038585.1	Patagioenas fasciata	Band-tailed pigeon
GCA_002029285.1	Patagioenas_fasciata_monilis__band-tailed_pigeon__HLpatFas1__GCA_002029285.1	Patagioenas fasciata monilis	band-tailed pigeon
GCA_964273445.1	Streptopelia_decaocto__Eurasian_collared-dove__HLstrDec1A__GCA_964273445.1	Streptopelia decaocto	Eurasian collared-dove
GCA_901699155.1	Streptopelia_turtur__European_turtle_dove__HLstrTur1__GCA_901699155.1	Streptopelia turtur	European turtle dove
GCF_000695765.1	Mesitornis_unicolor__brown_roatelo__mesUni1__GCF_000695765.1	Mesitornis unicolor	brown roatelo
GCA_013397535.1	Pterocles_burchelli__Burchells_sandgrouse__HLpteBur1__GCA_013397535.1	Pterocles burchelli	Burchells sandgrouse
GCA_009769525.1	Pterocles_gutturalis__yellow-throated_sandgrouse__HLpteGut1__GCA_009769525.1	Pterocles gutturalis	yellow-throated sandgrouse
GCA_011057875.1	Pterocles_orientalis__black-bellied_sandgrouse__HLpteOri1__GCA_011057875.1	Pterocles orientalis	black-bellied sandgrouse
GCA_013400195.1	Aramus_guarauna__limpkin__HLaraGua1__GCA_013400195.1	Aramus guarauna	limpkin
GCA_011004875.1	Balearica_regulorum_gibbericeps__East_African_grey_crowned-crane__HLbalRegGib2__GCA_011004875.1	Balearica regulorum gibbericeps	East African grey crowned-crane
GCA_013390085.1	Grus_americana__Whooping_crane__HLgruAme1__GCA_013390085.1	Grus americana	Whooping crane
GCF_028858705.1	Grus_americana__Whooping_crane__HLgruAmer2__GCF_028858705.1	Grus americana	Whooping crane
GCA_964106855.1	Grus_grus__Eurasian_crane__HLgruGru1A__GCA_964106855.1	Grus grus	Eurasian crane
GCA_045298695.1	Grus_japonensis__Red-crowned_crane__HLgruJapo1__GCA_045298695.1	Grus japonensis	Red-crowned crane
GCA_004360235.1	Grus_nigricollis__black-necked_crane__HLgruNig1__GCA_004360235.1	Grus nigricollis	black-necked crane
GCA_053455625.1	Leucogeranus_leucogeranus__Siberian_crane__HLleuLeuc1__GCA_053455625.1	Leucogeranus leucogeranus	Siberian crane
GCA_013399135.1	Heliornis_fulica__sungrebe__HLhelFul1__GCA_013399135.1	Heliornis fulica	sungrebe
GCA_013399095.1	Psophia_crepitans__common_trumpeter__HLpsoCre1__GCA_013399095.1	Psophia crepitans	common trumpeter
GCA_013372525.1	Fulica_atra__Eurasian_coot__HLfulAtr1__GCA_013372525.1	Fulica atra	Eurasian coot
GCA_964237585.1	Gallinula_chloropus__Common_moorhen__HLgalChl1A__GCA_964237585.1	Gallinula chloropus	Common moorhen
GCA_027925045.1	Hypotaenidia_okinawae__Okinawa_rail__HLhypOkin1__GCA_027925045.1	Hypotaenidia okinawae	Okinawa rail
GCA_046605145.1	Hypotaenidia_owstoni__Guam_rail__HLhypOwst1__GCA_046605145.1	Hypotaenidia owstoni	Guam rail
GCA_022605575.1	Laterallus_jamaicensis_coturniculus__California_black_rail__HLlatJamCot1__GCA_022605575.1	Laterallus jamaicensis coturniculus	California black rail
GCA_020800305.1	Porphyrio_hochstetteri__South_Island_takahe__HLporHoc1__GCA_020800305.1	Porphyrio hochstetteri	South Island takahe
GCA_965250365.1	Rallus_aquaticus__Water_rail__HLralAqua1__GCA_965250365.1	Rallus aquaticus	Water rail
GCA_022605955.1	Rallus_limicola__Virginia_rail__HLralLim1__GCA_022605955.1	Rallus limicola	Virginia rail
GCA_013400835.1	Zapornia_atra__Henderson_crake__HLzapAtr1__GCA_013400835.1	Zapornia atra	Henderson crake
GCA_045787165.1	Zapornia_parva__Little_crake__HLzapParv1__GCA_045787165.1	Zapornia parva	Little crake
GCA_009819775.1	Phoenicopterus_ruber_ruber__American_flamingo__HLphoRub1__GCA_009819775.1	Phoenicopterus ruber ruber	American flamingo
GCA_013399565.1	Podilymbus_podiceps__Pied_billed_grebe__HLpodPod1__GCA_013399565.1	Podilymbus podiceps	Pied billed grebe
GCA_030867145.1	Opisthocomus_hoazin__Hoatzin__HLopiHoaz2A__GCA_030867145.1	Opisthocomus hoazin	Hoatzin
GCF_000692075.1	Opisthocomus_hoazin__hoatzin__opiHoa1__GCF_000692075.1	Opisthocomus hoazin	hoatzin
GCA_013400815.1	Centropus_bengalensis__lesser_coucal__HLcenBen1__GCA_013400815.1	Centropus bengalensis	lesser coucal
GCA_013397695.1	Centropus_unirufus__Rufous_coucal__HLcenUni1__GCA_013397695.1	Centropus unirufus	Rufous coucal
GCA_033558105.1	Coccyzus_lansbergi__Gray_capped_cuckoo__HLcocLan1__GCA_033558105.1	Coccyzus lansbergi	Gray capped cuckoo
GCA_013389865.1	Piaya_cayana__squirrel_cuckoo__HLpiaCay1__GCA_013389865.1	Piaya cayana	squirrel cuckoo
GCA_013397455.1	Crotophaga_sulcirostris__groove-billed_ani__HLcroSul1__GCA_013397455.1	Crotophaga sulcirostris	groove-billed ani
GCA_013398935.1	Ceuthmochares_aereus__Blue_malkoha__HLceuAer1__GCA_013398935.1	Ceuthmochares aereus	Blue malkoha
GCA_033459285.1	Clamator_glandarius__Great_spotted_cuckoo__HLclaGla1__GCA_033459285.1	Clamator glandarius	Great spotted cuckoo
GCA_017976375.1	Cuculus_canorus__common_cuckoo__HLcucCan2__GCA_017976375.1	Cuculus canorus	common cuckoo
GCA_032191515.2	Phaenicophaeus_curvirostris__chestnut-breasted_malkoha___HLphaCur1__GCA_032191515.2	Phaenicophaeus curvirostris	chestnut-breasted malkoha 
GCA_033558185.1	Dromococcyx_pavoninus__Pavonine_cuckoo__HLdroPav1__GCA_033558185.1	Dromococcyx pavoninus	Pavonine cuckoo
GCA_033558185.1	Dromococcyx_pavoninus__Pavonine_cuckoo__HLdroPavo1__GCA_033558185.1	Dromococcyx pavoninus	Pavonine cuckoo
GCA_013389885.1	Geococcyx_californianus__greater_roadrunner__HLgeoCal1__GCA_013389885.1	Geococcyx californianus	greater roadrunner,roadrunner
GCA_033558235.1	Neomorphus_geoffroyi__Rufous_vented_ground_cuckoo__HLneoGeo1__GCA_033558235.1	Neomorphus geoffroyi	Rufous vented ground cuckoo
GCA_033556795.1	Tapera_naevia__Striped_cuckoo__HLtapNae1__GCA_033556795.1	Tapera naevia	Striped cuckoo
GCA_013399495.1	Corythaixoides_concolor__grey_go-away-bird__HLcorCon1__GCA_013399495.1	Corythaixoides concolor	grey go-away-bird
GCA_009769465.1	Tauraco_erythrolophus__red-crested_turaco__HLtauEry1__GCA_009769465.1	Tauraco erythrolophus	red-crested turaco
GCA_013396375.1	Ardeotis_kori__Kori_bustard__HLardKor1__GCA_013396375.1	Ardeotis kori	Kori bustard
GCA_036417535.1	Chlamydotis_macqueenii__Macqueens_bustard__HLchlMacq2__GCA_036417535.1	Chlamydotis macqueenii	Macqueens bustard
GCA_003400225.2	Chlamydotis_undulata_undulata__Houbara_bustard__HLchlUndUnd1__GCA_003400225.2	Chlamydotis undulata undulata	Houbara bustard
GCA_013396455.1	Lophotis_ruficrista__Red_crested_korhaan__HLlopRuf1__GCA_013396455.1	Lophotis ruficrista	Red crested korhaan
GCA_026413225.1	Otis_tarda__Great_bustard__HLotiTar1__GCA_026413225.1	Otis tarda	Great bustard
GCA_009806455.1	Tetrax_tetrax__Little_bustard__HLtetTet1__GCA_009806455.1	Tetrax tetrax	Little bustard
GCF_000690775.1	Eurypyga_helias__sunbittern__eurHel1__GCF_000690775.1	Eurypyga helias	sunbittern
GCA_013398095.1	Rhynochetos_jubatus__kagu__HLrhyJub1__GCA_013398095.1	Rhynochetos jubatus	kagu
GCA_027574665.1	Rhynochetos_jubatus__Kagu__HLrhyJuba2__GCA_027574665.1	Rhynochetos jubatus	Kagu
GCA_964289735.1	Phaethon_aethereus__red-billed_tropicbird__HLphaAet1A__GCA_964289735.1	Phaethon aethereus	red-billed tropicbird
GCF_000687285.1	Phaethon_lepturus__White-tailed_tropicbird__phaLep1__GCF_000687285.1	Phaethon lepturus	White-tailed tropicbird
https://www.biorxiv.org/content/10.1101/2024.08.30.610474v1	Apus_apus__common_swift__HLapuApu1	Apus apus	common swift
GCA_045787225.1	Apus_caffer__White-rumped_swift__HLapuCaff1__GCA_045787225.1	Apus caffer	White-rumped swift
GCF_000747805.1	Chaetura_pelagica__chimney_swift__HLchaPel1__GCF_000747805.1	Chaetura pelagica	chimney swift
GCA_013396855.1	Hemiprocne_comata__whiskered_treeswift__HLhemCom1__GCA_013396855.1	Hemiprocne comata	whiskered treeswift
GCA_020745705.1	Hemiprocne_comata__Whiskered_treeswift__HLhemCom2__GCA_020745705.1	Hemiprocne comata	Whiskered treeswift
GCA_023079485.1	Archilochus_colubris__Ruby_throated_hummingbird__HLarcCol1__GCA_023079485.1	Archilochus colubris	Ruby throated hummingbird
GCA_003957555.1	Calypte_anna__Annas_hummingbird__HLcalAnn5__GCA_003957555.1	Calypte anna	Annas hummingbird
GCA_054051245.1	Chalcostigma_stanleyi__Blue-mantled_thornbill__HLchaStan1A__GCA_054051245.1	Chalcostigma stanleyi	Blue-mantled thornbill
GCA_038090715.1	Florisuga_fusca__black_jacobin__HLfloFus1__GCA_038090715.1	Florisuga fusca	black jacobin
GCF_036169615.1	Heliangelus_exortis__tourmaline_sunangel__HLhelExor1A__GCF_036169615.1	Heliangelus exortis	tourmaline sunangel
GCA_013400995.1	Oreotrochilus_melanogaster__black-breasted_hillstar__HLoreMel1__GCA_013400995.1	Oreotrochilus melanogaster	black-breasted hillstar
GCA_023637945.1	Phaethornis_superciliosus__long-tailed_hermit__HLphaSup1__GCA_023637945.1	Phaethornis superciliosus	long-tailed hermit
GCA_054372455.1	Selasphorus_platycercus__Broad-tailed_hummingbird__HLselPlat1__GCA_054372455.1	Selasphorus platycercus	Broad-tailed hummingbird
GCA_043774175.1	Selasphorus_sasin__Allens_hummingbird__HLselSasi1__GCA_043774175.1	Selasphorus sasin	Allens hummingbird
GCA_039906565.1	Aegotheles_albertisi__Mountain_owlet-nightjar__HLaegAlbe1A__GCA_039906565.1	Aegotheles albertisi	Mountain owlet-nightjar
GCA_013398125.1	Aegotheles_bennettii__Bennetts_owlet_nightjar__HLaegBen1__GCA_013398125.1	Aegotheles bennettii	Bennetts owlet nightjar
GCF_000700745.1	Antrostomus_carolinensis__Chuck-wills-widow__capCar1__GCF_000700745.1	Antrostomus carolinensis	Chuck-wills-widow
GCA_907165065.1	Caprimulgus_europaeus__Eurasian_nightjar__HLcapEur1__GCA_907165065.1	Caprimulgus europaeus	Eurasian nightjar
GCA_013399635.1	Chordeiles_acutipennis__lesser_nighthawk__HLchoAcu1__GCA_013399635.1	Chordeiles acutipennis	lesser nighthawk
GCA_013399395.1	Nyctiprogne_leucopyga__Band-tailed_nighthawk__HLnycLeu1__GCA_013399395.1	Nyctiprogne leucopyga	Band-tailed nighthawk
GCA_013399755.1	Podargus_strigoides__tawny_frogmouth__HLpodStr1__GCA_013399755.1	Podargus strigoides	tawny frogmouth
GCA_028020825.1	Podargus_strigoides__Tawny_frogmouth__HLpodStri2__GCA_028020825.1	Podargus strigoides	Tawny frogmouth
GCA_054099775.1	Steatornis_caripensis__Oilbird__HLsteCari4A__GCA_054099775.1	Steatornis caripensis	Oilbird
GCA_013396595.1	Nyctibius_bracteatus__Rufous_potoo__HLnycBra1__GCA_013396595.1	Nyctibius bracteatus	Rufous potoo
GCA_013368605.1	Nyctibius_grandis__Great_potoo__HLnycGra1__GCA_013368605.1	Nyctibius grandis	Great potoo
GCA_024222105.1	Accipiter_cooperii__Coopers_hawk__HLaccCoo1__GCA_024222105.1	Accipiter cooperii	Coopers hawk
GCA_046127185.1	Accipiter_gularis__Japanese_sparrowhawk__HLaccGula1__GCA_046127185.1	Accipiter gularis	Japanese sparrowhawk
GCA_024363185.1	Accipiter_hiogaster__Variable_goshawk__HLaccHio1__GCA_024363185.1	Accipiter hiogaster	Variable goshawk
GCA_027497775.1	Accipiter_melanochlamys__Black-mantled_goshawk__HLaccMela1__GCA_027497775.1	Accipiter melanochlamys	Black-mantled goshawk
GCA_024363155.1	Aquila_nipalensis__steppe_eagle__HLaquNip1__GCA_024363155.1	Aquila nipalensis	steppe eagle
GCA_900496995.3	Aquila_chrysaetos_chrysaetos__golden_eagle__HLaquChrChr3__GCA_900496995.3	Aquila chrysaetos chrysaetos	golden eagle
GCA_929443795.1	Accipiter_gentilis__Northern_goshawk__HLaccGen2__GCA_929443795.1	Accipiter gentilis	Northern goshawk
GCA_929443795.2	Astur_gentilis__Northern_goshawk__HLastGent1__GCA_929443795.2	Astur gentilis	Northern goshawk
GCA_964188355.1	Buteo_buteo__Common_buzzard__HLbutBut1A__GCA_964188355.1	Buteo buteo	Common buzzard
GCA_010312235.1	Buteo_japonicus__Eastern_buzzard__HLbutJap1__GCA_010312235.1	Buteo japonicus	Eastern buzzard
GCA_037951015.2	Buteo_regalis__Ferruginous_hawk__HLbutRega1__GCA_037951015.2	Buteo regalis	Ferruginous hawk
GCA_045784765.1	Buteo_rufinus__Long-legged_buzzard__HLbutRufi1__GCA_045784765.1	Buteo rufinus	Long-legged buzzard
GCA_013399555.1	Circaetus_pectoralis__black-chested_snake-eagle__HLcirPec1__GCA_013399555.1	Circaetus pectoralis	black-chested snake-eagle
GCA_045784585.1	Circus_aeruginosus__Western_marsh_harrier__HLcirAeru1__GCA_045784585.1	Circus aeruginosus	Western marsh harrier
GCA_045785005.1	Circus_cyaneus__Hen_harrier__HLcirCyan1__GCA_045785005.1	Circus cyaneus	Hen harrier
GCA_028022735.1	Gypaetus_barbatus__Lammergeier__HLgypBarb1__GCA_028022735.1	Gypaetus barbatus	Lammergeier
GCA_041146915.1	Gyps_africanus__White-backed_vulture__HLgypAfri1__GCA_041146915.1	Gyps africanus	White-backed vulture
GCA_021398385.1	Gyps_himalayensis__Himalayan_griffon__HLgypHim1__GCA_021398385.1	Gyps himalayensis	Himalayan griffon
GCA_013398555.1	Haliaeetus_albicilla__white-tailed_eagle__HLhalAlb2__GCA_013398555.1	Haliaeetus albicilla	white-tailed eagle
GCF_947461875.1	Haliaeetus_albicilla__White-tailed_eagle__HLhalAlbi3__GCF_947461875.1	Haliaeetus albicilla	White-tailed eagle
GCA_014363185.1	Haliaeetus_pelagicus__Stellers_sea-eagle__HLhalPel1__GCA_014363185.1	Haliaeetus pelagicus	Stellers sea-eagle
GCF_000737465.1	Haliaeetus_leucocephalus__bald_eagle__halLeu1__GCF_000737465.1	Haliaeetus leucocephalus	bald eagle
GCF_026419915.1	Harpia_harpyja__Harpy_eagle__HLharHarp1__GCF_026419915.1	Harpia harpyja	Harpy eagle
GCA_045345515.1	Morphnus_guianensis__Crested_eagle__HLmorGuia1__GCA_045345515.1	Morphnus guianensis	Crested eagle
GCA_037953605.1	Necrosyrtes_monachus__Hooded_vulture__HLnecMona1__GCA_037953605.1	Necrosyrtes monachus	Hooded vulture
GCA_012487455.1	Nisaetus_nipalensis__mountain_hawk-eagle__HLnisNip1__GCA_012487455.1	Nisaetus nipalensis	mountain hawk-eagle
GCA_025311615.1	Parabuteo_unicinctus__Harris_hawk__HLparUnic1__GCA_025311615.1	Parabuteo unicinctus	Harris hawk
GCA_040869245.1	Sarcogyps_calvus__Red-headed_vulture__HLsarCalv1__GCA_040869245.1	Sarcogyps calvus	Red-headed vulture
GCA_013399215.1	Spizaetus_tyrannus__black_hawk-eagle__HLspiTyr1__GCA_013399215.1	Spizaetus tyrannus	black hawk-eagle
DNA Zoo Consortium	Gymnogyps_californianus__California_condor__HLgymCal1	Gymnogyps californianus	California condor
GCA_037962945.1	Sarcoramphus_papa__King_vulture__HLsarPapa1A__GCA_037962945.1	Sarcoramphus papa	King vulture
GCA_013399415.1	Sagittarius_serpentarius__Secretarybird__HLsagSer1__GCA_013399415.1	Sagittarius serpentarius	Secretarybird
GCA_009819825.1	Cariama_cristata__Red-legged_seriema__HLcarCri1__GCA_009819825.1	Cariama cristata	Red-legged seriema
GCA_013396505.1	Chunga_burmeisteri__Black-legged_seriema__HLchuBur1__GCA_013396505.1	Chunga burmeisteri	Black-legged seriema
GCA_023638135.1	Falco_biarmicus__lanner_falcon__HLfalBia1__GCA_023638135.1	Falco biarmicus	lanner falcon
GCA_023634085.1	Falco_cherrug__Saker_falcon__HLfalChe2__GCA_023634085.1	Falco cherrug	Saker falcon
GCA_045787805.1	Falco_eleonorae__Eleonoras_falcon__HLfalEleo1__GCA_045787805.1	Falco eleonorae	Eleonoras falcon
GCF_017639655.2	Falco_naumanni__lesser_kestrel__HLfalNau1__GCF_017639655.2	Falco naumanni	lesser kestrel
GCA_024432695.1	Falco_pelegrinoides__Barbary_falcon__HLfalPel1__GCA_024432695.1	Falco pelegrinoides	Barbary falcon
GCA_012488915.1	Falco_peregrinus__peregrine_falcon__HLfalPer2__GCA_012488915.1	Falco peregrinus	peregrine falcon
GCA_023634155.1	Falco_peregrinus__peregrine_falcon__HLfalPer3__GCA_023634155.1	Falco peregrinus	peregrine falcon
GCA_963210335.1	Falco_punctatus__Mauritius_kestrel__HLfalPunc1__GCA_963210335.1	Falco punctatus	Mauritius kestrel
GCA_015220075.1	Falco_rusticolus__gyrfalcon__HLfalRus1__GCA_015220075.1	Falco rusticolus	gyrfalcon
GCA_034782035.1	Falco_sparverius__American_kestrel__HLfalSpar1__GCA_034782035.1	Falco sparverius	American kestrel
GCA_010332995.1	Falco_tinnunculus__common_kestrel__HLfalTin1__GCA_010332995.1	Falco tinnunculus	common kestrel
GCA_013399355.1	Herpetotheres_cachinnans__Laughing_falcon__HLherCac1__GCA_013399355.1	Herpetotheres cachinnans	Laughing falcon
GCA_016904835.1	Acanthisitta_chloris__rifleman__HLacaChl2__GCA_016904835.1	Acanthisitta chloris	rifleman
GCA_013399875.1	Gymnorhina_tibicen__Australian_magpie__HLgymTib1__GCA_013399875.1	Gymnorhina tibicen	Australian magpie
GCA_013400315.1	Bombycilla_garrulus__bohemian_waxwing__HLbomGar1__GCA_013400315.1	Bombycilla garrulus	bohemian waxwing
GCA_013400175.1	Phainopepla_nitens__Northern_phainopepla__HLphaNit1__GCA_013400175.1	Phainopepla nitens	Northern phainopepla
GCA_014549065.1	Cardinalis_cardinalis__northern_cardinal__HLcarCar1__GCA_014549065.1	Cardinalis cardinalis	northern cardinal
GCA_013401095.1	Passerina_amoena__Lazuli_bunting__HLpasAmo1__GCA_013401095.1	Passerina amoena	Lazuli bunting
GCA_051175815.1	Pheucticus_ludovicianus__Rose-breasted_grosbeak__HLpheLudo1__GCA_051175815.1	Pheucticus ludovicianus	Rose-breasted grosbeak
GCA_013398405.1	Pheucticus_melanocephalus__Black_headed_grosbeak__HLpheMel1__GCA_013398405.1	Pheucticus melanocephalus	Black headed grosbeak
GCA_018697195.1	Certhia_americana__Brown_creeper__HLcerAme1__GCA_018697195.1	Certhia americana	Brown creeper
GCA_013400355.1	Certhia_brachydactyla__short-toed_tree-creeper__HLcerBra1__GCA_013400355.1	Certhia brachydactyla	short-toed tree-creeper
GCA_013398575.1	Certhia_familiaris__Eurasian_tree-creeper__HLcerFam1__GCA_013398575.1	Certhia familiaris	Eurasian tree-creeper
GCA_013397295.1	Polioptila_caerulea__Blue_gray_gnatcatcher__HLpolCae1__GCA_013397295.1	Polioptila caerulea	Blue gray gnatcatcher
GCA_013397245.1	Thryothorus_ludovicianus__Carolina_wren__HLthrLud1__GCA_013397245.1	Thryothorus ludovicianus	Carolina wren
GCF_963662255.1	Cinclus_cinclus__White-throated_dipper__HLcinCin1__GCF_963662255.1	Cinclus cinclus	White-throated dipper
GCA_013399935.1	Cinclus_mexicanus__American_dipper__HLcinMex1__GCA_013399935.1	Cinclus mexicanus	American dipper
GCA_013398175.1	Climacteris_rufus__rufous_treecreeper__HLcliRuf1__GCA_013398175.1	Climacteris rufus	rufous treecreeper
GCA_013398955.1	Callaeas_wilsoni__North_Island_kokako__HLcalWil1__GCA_013398955.1	Callaeas wilsoni	North Island kokako
GCA_013397115.1	Edolisoma_coerulescens__Black_faced_cuckooshrike__HLedoCoe1__GCA_013397115.1	Edolisoma coerulescens	Black faced cuckooshrike
GCA_013398055.1	Ifrita_kowaldi__blue-capped_ifrita__HLifrKow1__GCA_013398055.1	Ifrita kowaldi	blue-capped ifrita
GCA_013396485.1	Ptilorrhoa_leucosticta__Spotted_jewel_babbler__HLptiLeu1__GCA_013396485.1	Ptilorrhoa leucosticta	Spotted jewel babbler
GCA_013397865.1	Struthidea_cinerea__Apostlebird__HLstrCin1__GCA_013397865.1	Struthidea cinerea	Apostlebird
GCA_028536675.1	Aphelocoma_californica__Western_scrub-jay__HLaphCali1A__GCA_028536675.1	Aphelocoma californica	Western scrub-jay
GCA_013398375.1	Aphelocoma_coerulescens__scrub_jay__HLaphCoe1__GCA_013398375.1	Aphelocoma coerulescens	scrub jay
GCA_048182245.1	Aphelocoma_insularis__Santa_Cruz_jay__HLaphInsu1__GCA_048182245.1	Aphelocoma insularis	Santa Cruz jay
GCA_048174545.1	Aphelocoma_woodhouseii__Woodhouses_scrub-Jay__HLaphWood1__GCA_048174545.1	Aphelocoma woodhouseii	Woodhouses scrub-Jay
GCA_013397755.1	Cnemophilus_loriae__Lorias_bird-of-paradise__HLcneLor1__GCA_013397755.1	Cnemophilus loriae	Lorias bird-of-paradise
GCA_013407035.1	Coloeus_monedula__jackdaw__HLcolMon1__GCA_013407035.1	Coloeus monedula	jackdaw
GCA_965178545.1	Coloeus_monedula__Jackdaw__HLcolMone2A__GCA_965178545.1	Coloeus monedula	Jackdaw
GCF_020740725.1	Corvus_hawaiiensis__hawaiian_crow__HLcorHaw3__GCF_020740725.1	Corvus hawaiiensis	hawaiian crow
GCF_017639235.1	Corvus_kubaryi__Mariana_crow__HLcorKub1__GCF_017639235.1	Corvus kubaryi	Mariana crow
GCA_014363025.1	Corvus_macrorhynchos__Large-billed_crow__HLcorMac1__GCA_014363025.1	Corvus macrorhynchos	Large-billed crow
GCA_009650955.1	Corvus_moneduloides__New_Caledonian_crow__HLcorMon1__GCA_009650955.1	Corvus moneduloides	New Caledonian crow
GCF_000691975.1	Corvus_brachyrhynchos__American_crow__corBra1__GCF_000691975.1	Corvus brachyrhynchos	American crow
GCA_002023255.2	Corvus_cornix_cornix__hooded_crow__HLcorCor2__GCA_002023255.2	Corvus cornix cornix	hooded crow
GCA_000738735.2	Corvus_cornix_cornix__hooded_crow__HLcorCor3__GCA_000738735.2	Corvus cornix cornix	hooded crow
GCA_000738735.4	Corvus_cornix_cornix__hooded_crow__HLcorCorCor4__GCA_000738735.4	Corvus cornix cornix	hooded crow
GCA_046129655.1	Cyanocitta_cristata__Blue_jay__HLcyaCris1A__GCA_046129655.1	Cyanocitta cristata	Blue jay
GCA_026167965.1	Cyanocitta_stelleri__Stellers_jay__HLcyaStel1__GCA_026167965.1	Cyanocitta stelleri	Stellers jay
GCA_048174265.1	Cyanocorax_yucatanicus__Yucatan_jay__HLcyaYuca1__GCA_048174265.1	Cyanocorax yucatanicus	Yucatan jay
GCA_013400235.1	Oriolus_oriolus__Eurasian_golden-oriole__HLoriOri1__GCA_013400235.1	Oriolus oriolus	Eurasian golden-oriole
GCA_013399195.1	Dicrurus_megarhynchus__Paradise_drongo__HLdicMeg1__GCA_013399195.1	Dicrurus megarhynchus	Paradise drongo
GCA_013397435.1	Erythrocercus_mccallii__Chestnut_capped_flycatcher__HLeryMcc1__GCA_013397435.1	Erythrocercus mccallii	Chestnut capped flycatcher
GCA_013397975.1	Machaerirhynchus_nigripectus__Black_breasted_boatbill__HLmacNig1__GCA_013397975.1	Machaerirhynchus nigripectus	Black breasted boatbill
GCA_013390065.1	Chloropsis_hardwickii__Orange_bellied_leafbird__HLchlHar1__GCA_013390065.1	Chloropsis hardwickii	Orange bellied leafbird
GCA_013397155.1	Irena_cyanogastra__fairy_bluebird__HLireCya1__GCA_013397155.1	Irena cyanogastra	fairy bluebird
GCA_020086605.1	Lanius_collurio__red-backed_shrike__HLlanCol1__GCA_020086605.1	Lanius collurio	red-backed shrike
GCA_013397235.1	Lanius_ludovicianus__Loggerhead_shrike__HLlanLud1__GCA_013397235.1	Lanius ludovicianus	Loggerhead shrike
GCA_045788165.1	Lanius_phoenicuroides__Red-tailed_shrike__HLlanPhoe1__GCA_045788165.1	Lanius phoenicuroides	Red-tailed shrike
GCA_026261815.1	Monarcha_castaneiventris_obscurior__Makira_monarch__HLmonCastObs1__GCA_026261815.1	Monarcha castaneiventris obscurior	Makira monarch
GCA_013397015.1	Myiagra_hebetior__Mussau_flycatcher__HLmyiHeb1__GCA_013397015.1	Myiagra hebetior	Mussau flycatcher
GCA_013397795.1	Orthonyx_spaldingii__northern_chowchilla__HLortSpa1__GCA_013397795.1	Orthonyx spaldingii	northern chowchilla
GCA_013397815.1	Aleadryas_rufinucha__rufous-naped_whistler__HLaleRuf1__GCA_013397815.1	Aleadryas rufinucha	rufous-naped whistler
GCA_013397915.1	Daphoenositta_chrysoptera__varied_sittella__HLdapChr1__GCA_013397915.1	Daphoenositta chrysoptera	varied sittella
GCA_013397775.1	Eulacestoma_nigropectus__wattled_ploughbill__HLeulNig1__GCA_013397775.1	Eulacestoma nigropectus	wattled ploughbill
GCA_013398115.1	Falcunculus_frontatus__Eastern_shriketit__HLfalFro1__GCA_013398115.1	Falcunculus frontatus	Eastern shriketit
GCA_013397055.1	Pachycephala_philippinensis__yellow-belllied_whistler__HLpacPhi1__GCA_013397055.1	Pachycephala philippinensis	yellow-belllied whistler
GCA_013397725.1	Rhagologus_leucostigma__Mottled_berryhunter__HLrhaLeu1__GCA_013397725.1	Rhagologus leucostigma	Mottled berryhunter
GCA_003713305.1	Cicinnurus_regius__king_bird_of_paradise__HLcicReg1__GCA_003713305.1	Cicinnurus regius	king bird of paradise
GCA_003713285.1	Diphyllodes_magnificus__Magnificent_bird_of_paradise__HLdipMag1__GCA_003713285.1	Diphyllodes magnificus	Magnificent bird of paradise
GCA_014706295.1	Lycocorax_pyrrhopterus_obiensis__Obi_paradise_crow__HLlycPyrObi2__GCA_014706295.1	Lycocorax pyrrhopterus obiensis	Obi paradise crow
GCA_003713265.1	Paradisaea_raggiana__Raggiana_bird_of_paradise__HLparRag1__GCA_003713265.1	Paradisaea raggiana	Raggiana bird of paradise
GCA_003713215.1	Paradisaea_rubra__red_bird_of_paradise__HLparRub1__GCA_003713215.1	Paradisaea rubra	red bird of paradise
GCA_003713295.1	Parotia_lawesii__Lawess_parotia__HLparLaw1__GCA_003713295.1	Parotia lawesii	Lawess parotia
GCA_013397175.1	Dyaphorophyia_castanea__Chestnut_wattle_eye__HLdyaCas1__GCA_013397175.1	Dyaphorophyia castanea	Chestnut wattle eye
GCA_013396875.1	Vireo_altiloquus__black-whiskered_vireo__HLvirAlt1__GCA_013396875.1	Vireo altiloquus	black-whiskered vireo
GCA_013396775.1	Cephalopterus_ornatus__amazonian_umbrellabird__HLcepOrn1__GCA_013396775.1	Cephalopterus ornatus	amazonian umbrellabird
GCA_013399855.1	Oxyruncus_cristatus__sharpbill__HLoxyCri1__GCA_013399855.1	Oxyruncus cristatus	sharpbill
GCA_013396655.1	Campylorhamphus_procurvoides__Curve_billed_scythebill__HLcamPro1__GCA_013396655.1	Campylorhamphus procurvoides	Curve billed scythebill
GCA_013401175.1	Xiphorhynchus_elegans__elegant_woodcreeper__HLxipEle1__GCA_013401175.1	Xiphorhynchus elegans	elegant woodcreeper
GCA_013398795.1	Spelaeornis_formosus__spotted_wren-babbler__HLspeFor1__GCA_013398795.1	Spelaeornis formosus	spotted wren-babbler
GCA_013390005.1	Calyptomena_viridis__green_broadbill__HLcalVir1__GCA_013390005.1	Calyptomena viridis	green broadbill
GCA_013399895.1	Serilophus_lunatus__silver-breasted_broadbill__HLserLun1__GCA_013399895.1	Serilophus lunatus	silver-breasted broadbill
GCA_013396465.1	Smithornis_capensis__African_broadbill__HLsmiCap1__GCA_013396465.1	Smithornis capensis	African broadbill
GCA_013399695.1	Formicarius_rufipectus__Rufous_breasted_antthrush__HLforRuf1__GCA_013399695.1	Formicarius rufipectus	Rufous breasted antthrush
GCA_013396735.1	Grallaria_varia__variegated_antpitta__HLgraVar1__GCA_013396735.1	Grallaria varia	variegated antpitta
GCA_013397465.1	Furnarius_figulus__Wing_banded_hornero__HLfurFig1__GCA_013397465.1	Furnarius figulus	Wing banded hornero
GCA_041053205.1	Furnarius_rufus__Rufous_hornero__HLfurRuf1__GCA_041053205.1	Furnarius rufus	Rufous hornero
GCA_013396755.1	Sclerurus_mexicanus__tawny-throated_leaftosser__HLsclMex1__GCA_013396755.1	Sclerurus mexicanus	tawny-throated leaftosser
GCA_041053275.1	Acanthiza_pusilla__brown_thornbill__HLacaPus1__GCA_041053275.1	Acanthiza pusilla	brown thornbill
GCA_036785705.1	Acanthornis_magna__Scrubtit__HLacaMagn1__GCA_036785705.1	Acanthornis magna	Scrubtit
GCA_013398855.1	Mohoua_ochrocephala__Yellowhead__HLmohOch1__GCA_013398855.1	Mohoua ochrocephala	Yellowhead
GCA_013397895.1	Origma_solitaria__Rockwarbler__HLoriSol1__GCA_013397895.1	Origma solitaria	Rockwarbler
GCA_013397935.1	Dasyornis_broadbenti__rufous_bristle-bird__HLdasBro1__GCA_013397935.1	Dasyornis broadbenti	rufous bristle-bird
GCA_013397995.1	Malurus_elegans__Red-winged_fairywren__HLmalEle1__GCA_013397995.1	Malurus elegans	Red-winged fairywren
GCA_009741485.1	Malurus_cyaneus_samueli__Superb_fairywren__HLmalCya1__GCA_009741485.1	Malurus cyaneus samueli	Superb fairywren
GCA_020137895.1	Entomyzon_cyanotis__Blue_faced_honeyeater__HLentCya1__GCA_020137895.1	Entomyzon cyanotis	Blue faced honeyeater
GCA_024500445.1	Entomyzon_cyanotis__Blue_faced_honeyeater__HLentCya2__GCA_024500445.1	Entomyzon cyanotis	Blue faced honeyeater
GCA_013397955.1	Grantiella_picta__Painted_honeyeater__HLgraPic1__GCA_013397955.1	Grantiella picta	Painted honeyeater
DNA Zoo Consortium	Lichenostomus_cassidix__helmeted_honeyeater__HLlicMelCas1	Lichenostomus cassidix	helmeted honeyeater
GCA_965196965.1	Melidectes_torquatus__Ornate_melidectes__HLmelTorq1__GCA_965196965.1	Melidectes torquatus	Ornate melidectes
GCA_051294465.1	Myzomela_cardinalis__Cardinal_Myzomela__HLmyzCard1__GCA_051294465.1	Myzomela cardinalis	Cardinal Myzomela
GCA_051294455.1	Myzomela_tristrami__Sooty_myzomela__HLmyzTris1__GCA_051294455.1	Myzomela tristrami	Sooty myzomela
GCA_041053245.1	Phylidonyris_novaehollandiae__New_Holland_honeyeater__HLphyNov1__GCA_041053245.1	Phylidonyris novaehollandiae	New Holland honeyeater
GCA_046563585.1	Ptilotula_penicillata__White-plumed_honeyeater__HLlicPen1__GCA_046563585.1	Ptilotula penicillata	White-plumed honeyeater
GCA_013400915.1	Pardalotus_punctatus__spotted_pardalote__HLparPun1__GCA_013400915.1	Pardalotus punctatus	spotted pardalote
GCA_013400975.1	Atrichornis_clamosus__Noisy_scrubbird__HLatrCla1__GCA_013400975.1	Atrichornis clamosus	Noisy scrubbird
GCA_013396355.1	Menura_novaehollandiae__superb_lyrebird__HLmenNov1__GCA_013396355.1	Menura novaehollandiae	superb lyrebird
GCA_013397315.1	Donacobius_atricapilla__Black_capped_donacobius__HLdonAtr1__GCA_013397315.1	Donacobius atricapilla	Black capped donacobius
GCA_013397375.1	Toxostoma_redivivum__California_thrasher__HLtoxRed1__GCA_013397375.1	Toxostoma redivivum	California thrasher
GCA_013398635.1	Copsychus_sechellarum__Seychelles_magpie_robin__HLcopSec1__GCA_013398635.1	Copsychus sechellarum	Seychelles magpie robin
GCA_054084125.1	Copsychus_sechellarum__Seychelles_magpie-robin__HLcopSech2A__GCA_054084125.1	Copsychus sechellarum	Seychelles magpie-robin
GCA_027576815.1	Cossypha_niveicapilla__Snowy-crowned_robin-chat__HLcosNive1__GCA_027576815.1	Cossypha niveicapilla	Snowy-crowned robin-chat
GCA_045788055.1	Ficedula_albicilla__Taiga_flycatcher__HLficAlbi1__GCA_045788055.1	Ficedula albicilla	Taiga flycatcher
GCA_045784345.1	Ficedula_hypoleuca__European_pied_flycatcher__HLficHypo1__GCA_045784345.1	Ficedula hypoleuca	European pied flycatcher
GCF_000247815.1	Ficedula_albicollis__Collared_flycatcher__ficAlb2__GCF_000247815.1	Ficedula albicollis	Collared flycatcher
GCA_030060385.1	Muscicapa_striata_striata__Spotted_flycatcher__HLmusStriStr1__GCA_030060385.1	Muscicapa striata striata	Spotted flycatcher
GCF_029582105.1	Oenanthe_melanoleuca__eastern_black-eared_wheatear__HLoenMel1__GCF_029582105.1	Oenanthe melanoleuca	eastern black-eared wheatear
GCA_013399995.1	Oenanthe_oenanthe__Northern_wheatear__HLoenOen1__GCA_013399995.1	Oenanthe oenanthe	Northern wheatear
GCA_050234705.1	Phoenicurus_ochruros__Black_redstart__HLphoOchr1__GCA_050234705.1	Phoenicurus ochruros	Black redstart
GCA_045785025.1	Saxicola_rubicola__European_stonechat__HLsaxRubi1__GCA_045785025.1	Saxicola rubicola	European stonechat
GCA_900205225.1	Saxicola_maurus_maurus__Siberian_stonechat__HLsaxMau1__GCA_900205225.1	Saxicola maurus maurus	Siberian stonechat
GCA_050043525.1	Sholicola_albiventris__White-bellied_shortwing__HLshoAlbi1__GCA_050043525.1	Sholicola albiventris	White-bellied shortwing
GCA_013398595.1	Cercotrichas_coryphoeus__Karoo_scrub-robin__HLcerCor1__GCA_013398595.1	Cercotrichas coryphoeus	Karoo scrub-robin
GCA_013398075.1	Notiomystis_cincta__Stitchbird__HLnotCin1__GCA_013398075.1	Notiomystis cincta	Stitchbird
GCA_013399455.1	Anthoscopus_minutus__Southern_penduline_tit__HLantMin1__GCA_013399455.1	Anthoscopus minutus	Southern penduline tit
GCA_055754725.1	Baeolophus_bicolor__Tufted_titmouse__HLbaeBico1A__GCA_055754725.1	Baeolophus bicolor	Tufted titmouse
GCA_002901205.1	Cyanistes_caeruleus__blue_tit__HLcyaCae1__GCA_002901205.1	Cyanistes caeruleus	blue tit
GCA_045783515.1	Lophophanes_cristatus__Crested_tit__HLlopCris1__GCA_045783515.1	Lophophanes cristatus	Crested tit
GCA_001522545.3	Parus_major__Great_Tit__HLparMaj1__GCA_001522545.3	Parus major	Great Tit
GCA_032357785.1	Periparus_ater__Coal_Tit__HLperAter1__GCA_032357785.1	Periparus ater	Coal Tit
GCA_011421415.1	Poecile_atricapillus__Black-capped_chickadee__HLpoeAtr1__GCA_011421415.1	Poecile atricapillus	Black-capped chickadee
GCF_030490865.1	Poecile_atricapillus__Black-capped_chickadee__HLpoeAtri2A__GCF_030490865.1	Poecile atricapillus	Black-capped chickadee
GCA_038429875.2	Poecile_montanus__Willow_tit__HLpoeMont1__GCA_038429875.2	Poecile montanus	Willow tit
GCF_000331425.1	Pseudopodoces_humilis__Tibetan_ground-tit__pseHum1__GCF_000331425.1	Pseudopodoces humilis	Tibetan ground-tit
GCA_020466415.1	Ammodramus_savannarum_pratensis__grasshopper_sparrow__HLammSavPra1__GCA_020466415.1	Ammodramus savannarum pratensis	grasshopper sparrow
GCF_027887145.1	Ammospiza_caudacuta__saltmarsh_sparrow__HLammCau1__GCF_027887145.1	Ammospiza caudacuta	saltmarsh sparrow
GCF_027579445.1	Ammospiza_nelsoni__Nelsons_sparrow__HLammNel1__GCF_027579445.1	Ammospiza nelsoni	Nelsons sparrow
GCA_036010785.1	Ammospiza_maritima_maritima__seaside_sparrow__HLammMariMar1__GCA_036010785.1	Ammospiza maritima maritima	seaside sparrow
GCA_021963965.1	Artemisiospiza_belli__sage_sparrow__HLartBel1__GCA_021963965.1	Artemisiospiza belli	sage sparrow
GCA_003829775.1	Junco_hyemalis__dark-eyed_junco__HLjunHye1__GCA_003829775.1	Junco hyemalis	dark-eyed junco
GCF_028018845.1	Melospiza_georgiana__swamp_sparrow__HLmelGeo1__GCF_028018845.1	Melospiza georgiana	swamp sparrow
GCA_013398205.1	Melospiza_melodia__song_sparrow__HLmelMel1__GCA_013398205.1	Melospiza melodia	song sparrow
GCF_035770615.1	Melospiza_melodia_melodia__Song_sparrow__HLmelMeloMel2__GCF_035770615.1	Melospiza melodia melodia	Song sparrow
GCF_028551555.1	Melozone_crissalis__California_towhee__HLmelCri1__GCF_028551555.1	Melozone crissalis	California towhee
GCA_031885435.1	Passerculus_sandwichensis__Savannah_sparrow__HLpasSand2__GCA_031885435.1	Passerculus sandwichensis	Savannah sparrow
GCA_022577445.1	Passerculus_sandwichensis_alaudinus__Savannah_sparrow__HLpasSanAla1__GCA_022577445.1	Passerculus sandwichensis alaudinus	Savannah sparrow
GCA_056783625.1	Spizella_passerina__Chipping_sparrow__HLspiPass1A__GCA_056783625.1	Spizella passerina	Chipping sparrow
GCF_047830755.1	Zonotrichia_albicollis__White-throated_sparrow__HLzonAlbi2A__GCF_047830755.1	Zonotrichia albicollis	White-throated sparrow
GCA_045269165.1	Zonotrichia_capensis__Rufous-collared_sparrow__HLzonCape1__GCA_045269165.1	Zonotrichia capensis	Rufous-collared sparrow
GCF_000385455.1	Zonotrichia_albicollis__white-throated_sparrow__zonAlb1__GCF_000385455.1	Zonotrichia albicollis	white-throated sparrow
GCF_028769735.1	Zonotrichia_leucophrys_gambelii__white-crowned_sparrow__HLzonLeu1__GCF_028769735.1	Zonotrichia leucophrys gambelii	white-crowned sparrow
GCA_013396995.1	Dicaeum_eximium__Red-banded_flowerpecker__HLdicExi1__GCA_013396995.1	Dicaeum eximium	Red-banded flowerpecker
GCA_005870125.1	Lonchura_striata_domestica__Bengalese_finch__HLlonStr2__GCA_005870125.1	Lonchura striata domestica	Bengalese finch
GCA_046129695.1	Lonchura_striata__White-rumped_munia__HLlonStri3__GCA_046129695.1	Lonchura striata	White-rumped munia
GCA_003957565.2	Taeniopygia_guttata__zebra_finch__HLtaeGut4__GCA_003957565.2	Taeniopygia guttata	zebra finch
GCF_003957565.2	Taeniopygia_guttata__zebra_finch__HLtaeGut5__GCF_003957565.2	Taeniopygia guttata	zebra finch
GCF_048771995.1	Taeniopygia_guttata__Zebra_finch__HLtaeGutt6__GCF_048771995.1	Taeniopygia guttata	Zebra finch
GCA_046618715.1	Carpodacus_erythrinus__Common_rosefinch__HLcarEryt1A__GCA_046618715.1	Carpodacus erythrinus	Common rosefinch
GCA_965649865.1	Coccothraustes_coccothraustes__Hawfinch__HLcocCocc1__GCA_965649865.1	Coccothraustes coccothraustes	Hawfinch
GCF_027477595.1	Haemorhous_mexicanus__House_finch__HLhaeMex1__GCF_027477595.1	Haemorhous mexicanus	House finch
GCA_013398455.1	Loxia_curvirostra__Fichtenkreuzschnabel__HLloxCur1__GCA_013398455.1	Loxia curvirostra	Fichtenkreuzschnabel,red crossbill
GCA_013396895.1	Loxia_leucoptera__white-winged_crossbill__HLloxLeu1__GCA_013396895.1	Loxia leucoptera	white-winged crossbill
GCA_049724495.1	Melamprosops_phaeosoma__Poouli__HLmelPhae1__GCA_049724495.1	Melamprosops phaeosoma	Poouli
GCA_965183895.1	Pyrrhula_murina__Azores_bullfinch__HLpyrMuri1__GCA_965183895.1	Pyrrhula murina	Azores bullfinch
GCF_022539315.1	Serinus_canaria__Common_canary__HLserCan2__GCF_022539315.1	Serinus canaria	Common canary
GCA_055764355.1	Serinus_canaria__Common_canary__HLserCana3A__GCA_055764355.1	Serinus canaria	Common canary
GCA_053477405.1	Spinus_pinus__Pine_siskin__HLspiPinu1__GCA_053477405.1	Spinus pinus	Pine siskin
GCA_003286495.1	Hemignathus_virens__Hawaii_amakihi__HLhemVir1__GCA_003286495.1	Hemignathus virens	Hawaii amakihi
GCA_009690805.1	Hemignathus_wilsoni__Akiapolaau__HLhemWil1__GCA_009690805.1	Hemignathus wilsoni	Akiapolaau
GCA_049724535.1	Loxops_caeruleirostris__Akekee__HLloxCaer1__GCA_049724535.1	Loxops caeruleirostris	Akekee
GCA_049724575.1	Oreomystis_bairdi__Kauai_creeper__HLoreBair1__GCA_049724575.1	Oreomystis bairdi	Kauai creeper
GCA_039654755.1	Calcarius_lapponicus__Lapland_longspur__HLcalLapp1__GCA_039654755.1	Calcarius lapponicus	Lapland longspur
GCA_013397715.1	Calcarius_ornatus__Chestnut_collared_longspur__HLcalOrn1__GCA_013397715.1	Calcarius ornatus	Chestnut collared longspur
GCA_045783115.1	Emberiza_calandra__Corn_bunting__HLembCala1__GCA_045783115.1	Emberiza calandra	Corn bunting
GCA_022818055.1	Emberiza_elegans__yellow-throated_bunting__HLembEle1__GCA_022818055.1	Emberiza elegans	yellow-throated bunting
GCA_013398835.1	Emberiza_fucata__Chestnut_eared_bunting__HLembFuc1__GCA_013398835.1	Emberiza fucata	Chestnut eared bunting
GCA_051527255.1	Emberiza_rutila__Chestnut_bunting__HLembRuti1__GCA_051527255.1	Emberiza rutila	Chestnut bunting
GCA_045784665.1	Plectrophenax_nivalis__Snow_bunting__HLpleNiva1__GCA_045784665.1	Plectrophenax nivalis	Snow bunting
GCA_963513975.1	Fringilla_coelebs__Chaffinch__HLfriCoel2__GCA_963513975.1	Fringilla coelebs	Chaffinch
GCA_015532645.1	Fringilla_coelebs_coelebs__chaffinch__HLfriCoeCoe1__GCA_015532645.1	Fringilla coelebs coelebs	chaffinch
GCA_013400575.1	Peucedramus_taeniatus__olive_warbler__HLpeuTae1__GCA_013400575.1	Peucedramus taeniatus	olive warbler
GCA_013397555.1	Urocynchramus_pylzowi__Przevalskis_finch__HLuroPyl1__GCA_013397555.1	Urocynchramus pylzowi	Przevalskis finch
GCF_020745825.1	Agelaius_phoeniceus__red-winged_blackbird__HLagePho3__GCF_020745825.1	Agelaius phoeniceus	red-winged blackbird
GCF_051311805.1	Agelaius_phoeniceus__Red-winged_blackbird__HLagePhoe4A__GCF_051311805.1	Agelaius phoeniceus	Red-winged blackbird
GCA_023055355.1	Agelaius_tricolor__tricolored_blackbird__HLageTri2__GCA_023055355.1	Agelaius tricolor	tricolored blackbird
GCA_037042795.1	Molothrus_aeneus__Bronzed_cowbird__HLmolAen1__GCA_037042795.1	Molothrus aeneus	Bronzed cowbird
GCA_012460135.1	Molothrus_ater__Brown_headed_cowbird__HLmolAte1__GCA_012460135.1	Molothrus ater	Brown headed cowbird
GCA_012460135.3	Molothrus_ater__brown-headed_cowbird__HLmolAte3__GCA_012460135.3	Molothrus ater	brown-headed cowbird
GCA_047301405.1	Quiscalus_major__Boat-tailed_grackle__HLquiMajo1A__GCA_047301405.1	Quiscalus major	Boat-tailed grackle
GCA_013399035.1	Quiscalus_mexicanus__Great-tailed_grackle__HLquiMex1__GCA_013399035.1	Quiscalus mexicanus	Great-tailed grackle
GCA_013397845.1	Melanocharis_versteri__Fan-tailed_berrypecker__HLmelVer1__GCA_013397845.1	Melanocharis versteri	Fan-tailed berrypecker
GCA_045784945.1	Anthus_petrosus__European_rock_pipit__HLantPetr1__GCA_045784945.1	Anthus petrosus	European rock pipit
GCA_045787205.1	Motacilla_citreola__Citrine_wagtail__HLmotCitr1__GCA_045787205.1	Motacilla citreola	Citrine wagtail
GCA_018904545.1	Motacilla_tschutschensis__eastern_yellow_wagtail__HLmotTsc1__GCA_018904545.1	Motacilla tschutschensis	eastern yellow wagtail
GCA_015832195.1	Motacilla_alba_alba__white_wagtail__HLmotAlbAlb2__GCA_015832195.1	Motacilla alba alba	white wagtail
GCA_013399835.1	Leptocoma_aspasia__Black_sunbird__HLlepAsp1__GCA_013399835.1	Leptocoma aspasia	Black sunbird
GCA_013398275.1	Promerops_cafer__Cape_sugarbird__HLproCaf1__GCA_013398275.1	Promerops cafer	Cape sugarbird
GCA_013398015.1	Oreocharis_arfaki__tit_berrypecker__HLoreArf1__GCA_013398015.1	Oreocharis arfaki	tit berrypecker
GCA_051175835.1	Geothlypis_philadelphia__Mourning_warbler__HLgeoPhil1__GCA_051175835.1	Geothlypis philadelphia	Mourning warbler
GCA_009764595.1	Geothlypis_trichas__common_yellowthroat__HLgeoTri1__GCA_009764595.1	Geothlypis trichas	common yellowthroat
GCA_051176495.1	Leiothlypis_celata__Orange-crowned_warbler__HLleiCela1__GCA_051176495.1	Leiothlypis celata	Orange-crowned warbler
GCA_051176395.1	Leiothlypis_peregrina__Tennessee_warbler__HLleiPere1__GCA_051176395.1	Leiothlypis peregrina	Tennessee warbler
GCA_051176345.1	Leiothlypis_ruficapilla__Nashville_warbler__HLleiRufi1__GCA_051176345.1	Leiothlypis ruficapilla	Nashville warbler
GCA_013399655.1	Setophaga_kirtlandii__Kirtlands_warbler__HLsetKir1__GCA_013399655.1	Setophaga kirtlandii	Kirtlands warbler
GCA_051176245.1	Setophaga_palmarum__Palm_warbler__HLsetPalm1__GCA_051176245.1	Setophaga palmarum	Palm warbler
GCA_024362935.1	Setophaga_petechia__yellow_warbler__HLsetPet1__GCA_024362935.1	Setophaga petechia	yellow warbler
GCA_045784235.1	Setophaga_striata__Blackpoll_warbler__HLsetStri1__GCA_045784235.1	Setophaga striata	Blackpoll warbler
GCA_001746935.2	Setophaga_coronata_coronata__myrtle_warbler__HLsetCorCor2__GCA_001746935.2	Setophaga coronata coronata	myrtle warbler
GCA_003676055.1	Erythrura_gouldiae__Gouldian_finch__HLeryGou1__GCA_003676055.1	Erythrura gouldiae	Gouldian finch
GCA_017590115.1	Montifringilla_adamsi__black-winged_snowfinch__HLmonAda1__GCA_017590115.1	Montifringilla adamsi	black-winged snowfinch
GCF_017590055.1	Onychostruthus_taczanowskii__white-rumped_snowfinch__HLonyTac1__GCF_017590055.1	Onychostruthus taczanowskii	white-rumped snowfinch
GCA_001700915.1	Passer_domesticus__House_sparrow__HLpasDom1__GCA_001700915.1	Passer domesticus	House sparrow
GCF_036417665.1	Passer_domesticus__House_sparrow__HLpasDom2__GCF_036417665.1	Passer domesticus	House sparrow
GCA_014805655.1	Passer_montanus__Eurasian_tree_sparrow__HLpasMon1__GCA_014805655.1	Passer montanus	Eurasian tree sparrow
GCF_017590135.1	Pyrgilauda_ruficollis__rufous-necked_snowfinch__HLpyrRuf1__GCF_017590135.1	Pyrgilauda ruficollis	rufous-necked snowfinch
GCA_013399945.1	Ploceus_nigricollis__Black_necked_weaver__HLploNig1__GCA_013399945.1	Ploceus nigricollis	Black necked weaver
GCA_045785095.1	Prunella_collaris__Alpine_accentor__HLpruColl1__GCA_045785095.1	Prunella collaris	Alpine accentor
GCA_013398875.1	Prunella_himalayana__Altai_accentor__HLpruHim1__GCA_013398875.1	Prunella himalayana	Altai accentor
GCA_036583965.1	Prunella_strophiata__Rufous-breasted_accentor__HLpruStro1__GCA_036583965.1	Prunella strophiata	Rufous-breasted accentor
GCA_031753505.1	Anomalospiza_imberbis__Cuckoo_finch__HLanoImb2__GCA_031753505.1	Anomalospiza imberbis	Cuckoo finch
GCA_013398495.1	Vidua_chalybeata__Village_indigobird__HLvidCha1__GCA_013398495.1	Vidua chalybeata	Village indigobird
GCA_026979565.1	Vidua_chalybeata__Village_indigobird__HLvidCha2__GCA_026979565.1	Vidua chalybeata	Village indigobird
GCA_024509145.1	Vidua_macroura__Pin-tailed_whydah__HLvidMac2__GCA_024509145.1	Vidua macroura	Pin-tailed whydah
GCA_013400955.1	Drymodes_brunneopygia__Southern_scrub_robin__HLdryBru1__GCA_013400955.1	Drymodes brunneopygia	Southern scrub robin
GCA_003426825.1	Eopsaltria_australis__eastern_yellow_robin__HLeopAus1__GCA_003426825.1	Eopsaltria australis	eastern yellow robin
DNA Zoo Consortium	Eopsaltria_australis__eastern_yellow_robin__HLeopAus2	Eopsaltria australis	eastern yellow robin
GCA_013400775.1	Chaetops_frenatus__Rufous_rock-jumper__HLchaFre1__GCA_013400775.1	Chaetops frenatus	Rufous rock-jumper
GCA_013390045.1	Picathartes_gymnocephalus__White_necked_rockfowl__HLpicGym1__GCA_013390045.1	Picathartes gymnocephalus	White necked rockfowl
GCA_009829145.1	Chiroxiphia_lanceolata__lance-tailed_manakin__HLchiLan1__GCA_009829145.1	Chiroxiphia lanceolata	lance-tailed manakin
GCA_003945725.1	Corapipo_altera__White-ruffed_manakin__HLcorAlt1__GCA_003945725.1	Corapipo altera	White-ruffed manakin
GCA_001604755.1	Lepidothrix_coronata__blue-crowned_manakin__HLlepCor1__GCA_001604755.1	Lepidothrix coronata	blue-crowned manakin
GCF_025592945.1	Manacus_candei__White-collared_manakin__HLmanCan1__GCF_025592945.1	Manacus candei	White-collared manakin
GCA_001715985.3	Manacus_vitellinus__golden-collared_manakin__HLmanVit1__GCA_001715985.3	Manacus vitellinus	golden-collared manakin
GCA_003984885.2	Neopelma_chrysocephalum__saffron-crested_tyrant-manakin__HLneoChr1__GCA_003984885.2	Neopelma chrysocephalum	saffron-crested tyrant-manakin
GCA_003945595.1	Pipra_filicauda__Wire-tailed_manakin__HLpipFil1__GCA_003945595.1	Pipra filicauda	Wire-tailed manakin
GCA_013399295.1	Piprites_chloris__white-winged_piprites__HLpipChl1__GCA_013399295.1	Piprites chloris	white-winged piprites
GCF_036250125.1	Pseudopipra_pipra__white-crowned_manakin__HLpsePip1A__GCF_036250125.1	Pseudopipra pipra	white-crowned manakin
GCA_036250135.1	Pseudopipra_pipra__white-crowned_manakin__HLpsePip1B__GCA_036250135.1	Pseudopipra pipra	white-crowned manakin
GCA_013390025.1	Pitta_sordida__hooded_pitta__HLpitSor1__GCA_013390025.1	Pitta sordida	hooded pitta
GCA_018881555.1	Amblyornis_subalaris__streaked_bowerbird__HLambSub1__GCA_018881555.1	Amblyornis subalaris	streaked bowerbird
GCA_013397565.1	Ptilonorhynchus_violaceus__satin_bowerbird__HLptiVio1__GCA_013397565.1	Ptilonorhynchus violaceus	satin bowerbird
GCA_013396955.1	Regulus_satrapa__golden-crowned_kinglet__HLregSat1__GCA_013396955.1	Regulus satrapa	golden-crowned kinglet
GCA_013397075.1	Rhabdornis_inornatus__Stripe-breasted_rhabdornis__HLrhaIno1__GCA_013397075.1	Rhabdornis inornatus	Stripe-breasted rhabdornis
GCA_013400415.1	Scytalopus_superciliaris__White_browed_tapaculo__HLscySup1__GCA_013400415.1	Scytalopus superciliaris	White browed tapaculo
GCA_013396525.1	Chaetorhynchus_papuensis__pygmy_drongo__HLchaPap1__GCA_013396525.1	Chaetorhynchus papuensis	pygmy drongo
GCA_013399225.1	Rhipidura_dahli__Bismarck_fantail__HLrhiDah1__GCA_013399225.1	Rhipidura dahli	Bismarck fantail
GCA_054054645.1	Sitta_carolinensis__White-breasted_nuthatch__HLsitCaro1A__GCA_054054645.1	Sitta carolinensis	White-breasted nuthatch
GCA_013400255.1	Sitta_europaea__wood_nuthatch__HLsitEur1__GCA_013400255.1	Sitta europaea	wood nuthatch
GCA_002849675.1	Acridotheres_javanicus__Javan_myna__HLacrJav1__GCA_002849675.1	Acridotheres javanicus	Javan myna
GCA_027559615.1	Acridotheres_tristis__Common_myna__HLacrTris1__GCA_027559615.1	Acridotheres tristis	Common myna
GCA_015883425.1	Lamprotornis_superbus__Superb_starling__HLlamSup1__GCA_015883425.1	Lamprotornis superbus	Superb starling
GCA_013397325.1	Leucopsar_rothschildi__Bali_myna__HLleuRot1__GCA_013397325.1	Leucopsar rothschildi	Bali myna
GCA_045787025.1	Pastor_roseus__Rosy_starling__HLpasRose1__GCA_045787025.1	Pastor roseus	Rosy starling
GCA_001447265.1	Sturnus_vulgaris__Common_starling__HLstuVul1__GCA_001447265.1	Sturnus vulgaris	Common starling
GCA_052056855.1	Sturnus_vulgaris__Common_starling__HLstuVulg2A__GCA_052056855.1	Sturnus vulgaris	Common starling
GCA_013389925.1	Aegithalos_caudatus__Northern_long-tailed_tit__HLaegCau1__GCA_013389925.1	Aegithalos caudatus	Northern long-tailed tit
GCA_902810485.1	Alauda_arvensis__Eurasian_skylark__HLalaArv1__GCA_902810485.1	Alauda arvensis	Eurasian skylark
GCA_013398995.1	Alaudala_cheleensis__Asian_short-toed_lark__HLalaChe1__GCA_013398995.1	Alaudala cheleensis	Asian short-toed lark
GCA_009792885.1	Eremophila_alpestris_peregrina__horned_lark__HLereAlp1__GCA_009792885.1	Eremophila alpestris peregrina	horned lark
GCA_013400215.1	Cisticola_juncidis__Zitting_cisticola__HLcisJun1__GCA_013400215.1	Cisticola juncidis	Zitting cisticola
GCA_021018805.1	Prinia_subflava__tawny-flanked_prinia__HLpriSub1__GCA_021018805.1	Prinia subflava	tawny-flanked prinia
GCA_037837765.1	Delichon_dasypus__Asian_house_martin__HLdelDasy1__GCA_037837765.1	Delichon dasypus	Asian house martin
GCA_015227805.1	Hirundo_rustica__Barn_swallow__HLhirRus2__GCA_015227805.1	Hirundo rustica	Barn swallow
GCA_003692655.1	Hirundo_rustica_rustica__Barn_swallow__HLhirRus1__GCA_003692655.1	Hirundo rustica rustica	Barn swallow
GCA_022316685.1	Progne_subis_subis__Purple_martin__HLproSubSub1__GCA_022316685.1	Progne subis subis	Purple martin
GCA_020917445.1	Riparia_riparia__Sand_martin__HLripRip1__GCA_020917445.1	Riparia riparia	Sand martin
GCA_013400445.1	Leiothrix_lutea__red-billed_leiothrix__HLleiLut1__GCA_013400445.1	Leiothrix lutea	red-billed leiothrix
GCA_024734555.1	Trochalopteron_elliotii__Elliots_laughingthrush__HLtroEll1__GCA_024734555.1	Trochalopteron elliotii	Elliots laughingthrush
GCA_013400155.1	Locustella_ochotensis__Middendorffs_grasshopper-warbler__HLlocOch1__GCA_013400155.1	Locustella ochotensis	Middendorffs grasshopper-warbler
GCA_045788125.1	Locustella_lanceolata__Lanceolated_warbler__HLlocLanc1__GCA_045788125.1	Locustella lanceolata	Lanceolated warbler
GCA_027886175.1	Phylloscopus_collybita__Eurasian_chiffchaff__HLphyColl1__GCA_027886175.1	Phylloscopus collybita	Eurasian chiffchaff
GCA_045786995.1	Phylloscopus_ibericus__Iberian_chiffchaff__HLphyIber1__GCA_045786995.1	Phylloscopus ibericus	Iberian chiffchaff
GCA_048593965.1	Phylloscopus_trochiloides__Greenish_warbler__HLphyTroc1__GCA_048593965.1	Phylloscopus trochiloides	Greenish warbler
GCA_017589585.1	Phylloscopus_whistleri__Whistlers_warbler__HLphyWhi1__GCA_017589585.1	Phylloscopus whistleri	Whistlers warbler
GCA_002305835.1	Phylloscopus_trochilus_acredula__Willow_warbler__HLphyTro1__GCA_002305835.1	Phylloscopus trochilus acredula	Willow warbler
GCA_013400275.1	Rhadina_sibilatrix__Wood_Warbler__HLrhaSib1__GCA_013400275.1	Rhadina sibilatrix	Wood Warbler
GCA_013398615.1	Brachypodius_atriceps__black-headed_bulbul__HLbraAtr1__GCA_013398615.1	Brachypodius atriceps	black-headed bulbul
GCA_013400495.1	Nicator_chloris__Western_nicator__HLnicChl1__GCA_013400495.1	Nicator chloris	Western nicator
GCA_053477605.1	Pycnonotus_cafer__Red-vented_bulbul__HLpycCafe1__GCA_053477605.1	Pycnonotus cafer	Red-vented bulbul
GCA_013400435.1	Pycnonotus_jocosus__red-whiskered_bulbul__HLpycJoc1__GCA_013400435.1	Pycnonotus jocosus	red-whiskered bulbul
GCA_013398685.1	Acrocephalus_arundinaceus__great_reed_warbler__HLacrAru1__GCA_013398685.1	Acrocephalus arundinaceus	great reed warbler
GCA_021534815.1	Acrocephalus_arundinaceus__Great_reed_warbler__HLacrAru2__GCA_021534815.1	Acrocephalus arundinaceus	Great reed warbler
GCA_022441285.1	Acrocephalus_familiaris_kingi__Nihoa_millerbird__HLacrFamKin1__GCA_022441285.1	Acrocephalus familiaris kingi	Nihoa millerbird
GCA_045783595.1	Acrocephalus_melanopogon__Moustached_warbler__HLacrMela1__GCA_045783595.1	Acrocephalus melanopogon	Moustached warbler
GCA_965285925.1	Acrocephalus_paludicola__aquatic_warbler__HLacrPalu1__GCA_965285925.1	Acrocephalus paludicola	aquatic warbler
GCA_045838425.1	Acrocephalus_schoenobaenus__Sedge_warbler__HLacrScho1__GCA_045838425.1	Acrocephalus schoenobaenus	Sedge warbler
GCA_910950805.1	Acrocephalus_scirpaceus_scirpaceus__Eurasian_reed_warbler__HLacrSciSci1__GCA_910950805.1	Acrocephalus scirpaceus scirpaceus	Eurasian reed warbler
GCA_013401135.1	Cettia_cetti__Cettis_warbler__HLcetCet1__GCA_013401135.1	Cettia cetti	Cettis warbler
GCA_013400075.1	Hippolais_icterina__icterine_warbler__HLhipIct1__GCA_013400075.1	Hippolais icterina	icterine warbler
GCA_013397195.1	Hylia_prasina__green_hylia__HLhylPra1__GCA_013397195.1	Hylia prasina	green hylia
GCA_045787885.1	Iduna_caligata__Booted_warbler__HLiduCali1__GCA_045787885.1	Iduna caligata	Booted warbler
GCA_013399515.1	Sylvietta_virens__Green_crombec__HLsylVir1__GCA_013399515.1	Sylvietta virens	Green crombec
GCA_042477295.1	Fulvetta_ruficapilla__Spectacled_fulvetta__HLfulRufi1__GCA_042477295.1	Fulvetta ruficapilla	Spectacled fulvetta
GCA_013397395.1	Paradoxornis_webbianus__crow_tit__HLparWeb1__GCA_013397395.1	Paradoxornis webbianus	crow tit
GCF_029207755.1	Chamaea_fasciata__wrentit__HLchaFas1A__GCF_029207755.1	Chamaea fasciata	wrentit
GCA_029207785.1	Chamaea_fasciata__wrentit__HLchaFas1B__GCA_029207785.1	Chamaea fasciata	wrentit
GCA_045784985.1	Curruca_cantillans__Eastern_subalpine_warbler__HLcurCant1__GCA_045784985.1	Curruca cantillans	Eastern subalpine warbler
GCA_045787085.1	Curruca_ruppeli__Rueppells_warbler__HLcurRupp1__GCA_045787085.1	Curruca ruppeli	Rueppells warbler
GCA_009819655.1	Sylvia_atricapilla__blackcap__HLsylAtr1__GCA_009819655.1	Sylvia atricapilla	blackcap
GCA_014839755.1	Sylvia_borin__garden_warbler__HLsylBor1__GCA_014839755.1	Sylvia borin	garden warbler
GCA_008694505.1	Cyanoderma_ruficeps__rufous-capped_babbler__HLcyaRuf1__GCA_008694505.1	Cyanoderma ruficeps	rufous-capped babbler
GCA_013400515.1	Erpornis_zantholeuca__White_bellied_erpornis__HLerpZan1__GCA_013400515.1	Erpornis zantholeuca	White bellied erpornis
GCA_013399915.1	Illadopsis_cleaveri__blackcap_illadopsis__HLillCle1__GCA_013399915.1	Illadopsis cleaveri	blackcap illadopsis
GCA_003546035.1	Mixornis_gularis__Striped_tit-babbler__HLmixGul1__GCA_003546035.1	Mixornis gularis	Striped tit-babbler
GCA_013401195.1	Pomatorhinus_ruficollis__streak-breasted_scimitar_babbler__HLpomRuf1__GCA_013401195.1	Pomatorhinus ruficollis	streak-breasted scimitar babbler
GCA_013401235.1	Pteruthius_melanotis__Black_eared_shrike_babbler__HLpteMel1__GCA_013401235.1	Pteruthius melanotis	Black eared shrike babbler
GCA_013397095.1	Sterrhoptilus_dennistouni__Golden_crowned_babbler__HLsteDen1__GCA_013397095.1	Sterrhoptilus dennistouni	Golden crowned babbler
GCA_007252995.1	Zosterops_borbonicus__Reunion_grey_white_eye__HLzosBor1__GCA_007252995.1	Zosterops borbonicus	Reunion grey white eye
GCA_013399795.1	Zosterops_hypoxanthus__Bismarck_white_eye__HLzosHyp1__GCA_013399795.1	Zosterops hypoxanthus	Bismarck white eye
GCA_017612475.1	Zosterops_japonicus__Japanese_white-eye__HLzosJap1__GCA_017612475.1	Zosterops japonicus	Japanese white-eye
GCA_965231275.1	Zosterops_lateralis__Silver-eye__HLzosLate2A__GCA_965231275.1	Zosterops lateralis	Silver-eye
GCA_007556475.1	Zosterops_pallidus__pale_white-eye__HLzosPal1__GCA_007556475.1	Zosterops pallidus	pale white-eye
GCA_001281735.1	Zosterops_lateralis_melanops__silver-eye__HLzosLat1__GCA_001281735.1	Zosterops lateralis melanops	silver-eye
GCF_047495875.1	Pithys_albifrons_albifrons__White-plumed_antbird__HLpitAlbiAlb1__GCF_047495875.1	Pithys albifrons albifrons	White-plumed antbird
GCA_013398505.1	Rhegmatorhina_hoffmannsi__white-breasted_antbird__HLrheHof1__GCA_013398505.1	Rhegmatorhina hoffmannsi	white-breasted antbird
GCA_013396695.1	Sakesphorus_luctuosus__Glossy_antshrike__HLsakLuc1__GCA_013396695.1	Sakesphorus luctuosus	Glossy antshrike
GCA_045364795.1	Willisornis_vidua__Xingu_scale-backed_antbird__HLwilVidu2__GCA_045364795.1	Willisornis vidua	Xingu scale-backed antbird
GCA_021164005.1	Willisornis_vidua_nigrigula__Xingu_scale-backed_antbird__HLwilVidNig1__GCA_021164005.1	Willisornis vidua nigrigula	Xingu scale-backed antbird
GCA_901933205.1	Camarhynchus_parvulus__Small_tree_finch__HLcamPar1__GCA_901933205.1	Camarhynchus parvulus	Small tree finch
GCA_019023105.1	Diglossa_brunneiventris__black-throated_flowerpiercer__HLdigBru1__GCA_019023105.1	Diglossa brunneiventris	black-throated flowerpiercer
GCF_000277835.1	Geospiza_fortis__medium_ground-finch__geoFor1__GCF_000277835.1	Geospiza fortis	medium ground-finch
GCA_013398715.1	Nesospiza_acunhae__Inaccessible_Island_finch__HLnesAcu1__GCA_013398715.1	Nesospiza acunhae	Inaccessible Island finch
GCA_013396575.1	Rhodinocichla_rosea__Rosy_thrush_tanager__HLrhoRos1__GCA_013396575.1	Rhodinocichla rosea	Rosy thrush tanager
GCA_002167245.1	Sporophila_hypoxantha__tawny-bellied_seedeater__HLspoHyp1__GCA_002167245.1	Sporophila hypoxantha	tawny-bellied seedeater
GCA_053841595.1	Sporophila_iberaensis__Ibera_seedeater__HLspoIber1__GCA_053841595.1	Sporophila iberaensis	Ibera seedeater
GCA_041475435.1	Gubernatrix_cristata__Yellow_cardinal__HLgubCris1__GCA_041475435.1	Gubernatrix cristata	Yellow cardinal
GCA_021437205.1	Catharus_bicknelli__Bicknells_thrush__HLcatBic1__GCA_021437205.1	Catharus bicknelli	Bicknells thrush
GCA_013398975.1	Catharus_fuscescens__veery__HLcatFus1__GCA_013398975.1	Catharus fuscescens	veery
GCA_051295615.1	Catharus_guttatus__Hermit_thrush__HLcatGutt1__GCA_051295615.1	Catharus guttatus	Hermit thrush
GCA_021437185.1	Catharus_minimus__Gray_cheeked_thrush__HLcatMin1__GCA_021437185.1	Catharus minimus	Gray cheeked thrush
GCA_009819885.1	Catharus_ustulatus__Swainsons_thrush__HLcatUst1__GCA_009819885.1	Catharus ustulatus	Swainsons thrush
GCA_903797595.1	Erithacus_rubecula__European_robin__HLeriRub1__GCA_903797595.1	Erithacus rubecula	European robin
GCA_034336685.1	Luscinia_luscinia__Thrush_nightingale__HLlusLusc1__GCA_034336685.1	Luscinia luscinia	Thrush nightingale
GCA_034336665.1	Luscinia_megarhynchos__Nightingale__HLlusMega1__GCA_034336665.1	Luscinia megarhynchos	Nightingale
GCA_009812075.1	Sialia_sialis__eastern_bluebird__HLsiaSia1__GCA_009812075.1	Sialia sialis	eastern bluebird
GCA_965287035.1	Turdus_iliacus__Redwing__HLturIlia1__GCA_965287035.1	Turdus iliacus	Redwing
GCA_965287015.2	Turdus_merula__Blackbird__HLturMeru1__GCA_965287015.2	Turdus merula	Blackbird
GCA_052324695.1	Turdus_migratorius__American_robin__HLturMigr1A__GCA_052324695.1	Turdus migratorius	American robin
GCA_965287025.1	Turdus_philomelos__Song_thrush__HLturPhil1__GCA_965287025.1	Turdus philomelos	Song thrush
GCA_013186435.1	Turdus_rufiventris__rufous-bellied_thrush__HLturRuf1__GCA_013186435.1	Turdus rufiventris	rufous-bellied thrush
GCA_023644505.1	Empidonax_alnorum__alder_flycatcher__HLempAln1__GCA_023644505.1	Empidonax alnorum	alder flycatcher
GCA_003031625.1	Empidonax_traillii__willow_flycatcher__HLempTra1__GCA_003031625.1	Empidonax traillii	willow flycatcher
GCA_013397495.1	Mionectes_macconnelli__McConnells_flycatcher__HLmioMac1__GCA_013397495.1	Mionectes macconnelli	McConnells flycatcher
GCA_013397415.1	Neopipo_cinnamomea__Cinnamon_manakin__HLneoCin1__GCA_013397415.1	Neopipo cinnamomea	Cinnamon manakin
GCA_013397825.1	Onychorhynchus_coronatus__Tropical_royal_flycatcher__HLonyCor1__GCA_013397825.1	Onychorhynchus coronatus	Tropical royal flycatcher
GCA_013397135.1	Pachyramphus_minor__Pink-throated_becard__HLpacMin1__GCA_013397135.1	Pachyramphus minor	Pink-throated becard
GCA_038380795.1	Pyrocephalus_nanus__Galapagos_flycatcher__HLpyrNan1__GCA_038380795.1	Pyrocephalus nanus	Galapagos flycatcher
GCA_013398745.1	Sapayoa_aenigma__broad-billed_sapayoa__HLsapAen1__GCA_013398745.1	Sapayoa aenigma	broad-billed sapayoa
GCA_055470965.1	Sayornis_phoebe__Eastern_phoebe__HLsayPhoe1A__GCA_055470965.1	Sayornis phoebe	Eastern phoebe
GCA_013396555.1	Tachuris_rubrigastra__Many_colored_rush_tyrant__HLtacRub1__GCA_013396555.1	Tachuris rubrigastra	Many colored rush tyrant
GCA_013399735.1	Tyrannus_savana__Fork-tailed_flycatcher__HLtyrSav1__GCA_013399735.1	Tyrannus savana	Fork-tailed flycatcher
GCA_013397615.1	Eolophus_roseicapillus__galah__HLeolRos1__GCA_013397615.1	Eolophus roseicapillus	galah
GCA_010015045.1	Cacatua_leadbeateri__Major_Mitchells_cockatoo__HLcacLea1__GCA_010015045.1	Cacatua leadbeateri	Major Mitchells cockatoo
GCA_013397665.1	Probosciger_aterrimus__palm_cockatoo__HLproAte1__GCA_013397665.1	Probosciger aterrimus	palm cockatoo
GCA_051622115.1	Agapornis_fischeri__Fischers_lovebird__HLagaFisc1__GCA_051622115.1	Agapornis fischeri	Fischers lovebird
GCA_035222285.1	Agapornis_lilianae__Lilians_lovebird__HLagaLili1__GCA_035222285.1	Agapornis lilianae	Lilians lovebird
GCA_035041115.1	Agapornis_nigrigenis__black-cheeked_lovebird__HLagaNigr1__GCA_035041115.1	Agapornis nigrigenis	black-cheeked lovebird
GCA_034783155.1	Agapornis_personatus__Yellow-collared_lovebird__HLagaPers1__GCA_034783155.1	Agapornis personatus	Yellow-collared lovebird
GCA_002631895.1	Agapornis_roseicollis__peach-faced_lovebird__HLagaRos1__GCA_002631895.1	Agapornis roseicollis	peach-faced lovebird
GCA_001420675.1	Amazona_aestiva__blue-fronted_amazon__HLamaAes1__GCA_001420675.1	Amazona aestiva	blue-fronted amazon
GCA_003947215.1	Amazona_collaria__yellow-billed_parrot__HLamaCol1__GCA_003947215.1	Amazona collaria	yellow-billed parrot
GCA_013399615.1	Amazona_guildingii__Saint_Vincent_amazon__HLamaGui1__GCA_013399615.1	Amazona guildingii	Saint Vincent amazon
GCA_039720435.1	Amazona_ochrocephala__Yellow-crowned_parrot__HLamaOchr1A__GCA_039720435.1	Amazona ochrocephala	Yellow-crowned parrot
GCA_000332375.1	Amazona_vittata__Puerto_Rican_parrot__amaVit1__GCA_000332375.1	Amazona vittata	Puerto Rican parrot
GCA_009936445.1	Anodorhynchus_hyacinthinus__hyacinth_macaw__HLanoHya1__GCA_009936445.1	Anodorhynchus hyacinthinus	hyacinth macaw
GCA_010014805.1	Ara_ararauna__blue-and-yellow_macaw__HLaraAra1__GCA_010014805.1	Ara ararauna	blue-and-yellow macaw
GCA_028858755.1	Ara_ararauna__Blue-and-yellow_macaw__HLaraArar2A__GCA_028858755.1	Ara ararauna	Blue-and-yellow macaw
GCA_010014725.1	Ara_chloropterus__red-and-green_macaw__HLaraChl1__GCA_010014725.1	Ara chloropterus	red-and-green macaw
GCA_013433245.1	Ara_glaucogularis__Blue-throated_macaw__HLaraGla2__GCA_013433245.1	Ara glaucogularis	Blue-throated macaw
GCA_010015965.1	Ara_militaris__military_macaw__HLaraMil1__GCA_010015965.1	Ara militaris	military macaw
GCA_917880015.2	Ara_rubrogenys__red-fronted_macaw__HLaraRub1__GCA_917880015.2	Ara rubrogenys	red-fronted macaw
GCA_902168055.1	Aratinga_solstitialis__sun_parakeet__HLaraSol1__GCA_902168055.1	Aratinga solstitialis	sun parakeet
GCA_009867205.1	Aratinga_weddellii__Weddells_conure__HLaraWed1__GCA_009867205.1	Aratinga weddellii	Weddells conure
GCA_025629865.1	Cyanoliseus_patagonus__Burrowing_parakeet__HLcyaPata1__GCA_025629865.1	Cyanoliseus patagonus	Burrowing parakeet
GCA_024337085.1	Diopsittaca_nobilis__Red-shouldered_macaw__HLdioNobi1__GCA_024337085.1	Diopsittaca nobilis	Red-shouldered macaw
GCA_011763535.1	Eclectus_roratus__Eclectus_parrot__HLeclRor1__GCA_011763535.1	Eclectus roratus	Eclectus parrot
GCA_011317185.1	Eupsittula_pertinax__brown-throated_parakeet__HLeupPer1__GCA_011317185.1	Eupsittula pertinax	brown-throated parakeet
GCA_011800095.1	Guaruba_guarouba__Golden_parakeet__HLguaGua1__GCA_011800095.1	Guaruba guarouba	Golden parakeet
GCA_045345405.1	Guaruba_guarouba__Golden_parakeet__HLguaGuar2__GCA_045345405.1	Guaruba guarouba	Golden parakeet
GCF_037157495.1	Lathamus_discolor__Swift_parrot__HLlatDis1A__GCF_037157495.1	Lathamus discolor	Swift parrot
GCA_037157625.1	Lathamus_discolor__Swift_parrot__HLlatDis1B__GCA_037157625.1	Lathamus discolor	Swift parrot
GCA_046563285.1	Loriculus_galgulus__blue-crowned_hanging_parrot__HLlorGal1__GCA_046563285.1	Loriculus galgulus	blue-crowned hanging parrot
GCA_017639245.1	Myiopsitta_monachus__monk_parakeet__HLmyiMon2__GCA_017639245.1	Myiopsitta monachus	monk parakeet
GCA_047054915.1	Neophema_chrysogaster__Orange-bellied_parrot__HLneoChry1__GCA_047054915.1	Neophema chrysogaster	Orange-bellied parrot
GCF_033783945.1	Neopsephotus_bourkii__Bourkes_parrot__HLneoBou1__GCF_033783945.1	Neopsephotus bourkii	Bourkes parrot
GCA_000696875.1	Nestor_notabilis__Kea__HLnesNot1__GCA_000696875.1	Nestor notabilis	Kea
GCF_033815535.1	Pezoporus_flaviventris__Western_Ground_Parrot__HLpezFla1__GCF_033815535.1	Pezoporus flaviventris	Western Ground Parrot
GCF_034315485.1	Pezoporus_occidentalis__Night_parrot__HLpezOcc1__GCF_034315485.1	Pezoporus occidentalis	Night parrot
GCF_028554395.1	Pezoporus_wallicus__Ground_parrot__HLpezWal1__GCF_028554395.1	Pezoporus wallicus	Ground parrot
GCA_011762725.1	Pionus_senilis__white-capped_parrot__HLpioSen1__GCA_011762725.1	Pionus senilis	white-capped parrot
GCA_051527235.1	Platycercus_elegans_elegans__Crimson_rosella__HLplaElegEle1__GCA_051527235.1	Platycercus elegans elegans	Crimson rosella
GCA_963264785.1	Psittacula_echo__Mauritius_parakeet__HLpsiEch1__GCA_963264785.1	Psittacula echo	Mauritius parakeet
GCA_002870145.1	Psittacula_krameri__Rose-ringed_parakeet__HLpsiKra1__GCA_002870145.1	Psittacula krameri	Rose-ringed parakeet
GCA_009867235.1	Psittacus_erithacus__grey_parrot__HLpsiEri1__GCA_009867235.1	Psittacus erithacus	grey parrot
GCA_009867315.1	Psittacus_timneh__Timneh_parrot__HLpsiTim1__GCA_009867315.1	Psittacus timneh	Timneh parrot
GCA_016545565.1	Pyrrhura_cruentata__Blue-throated_parakeet__HLpyrCru1__GCA_016545565.1	Pyrrhura cruentata	Blue-throated parakeet
GCA_010014865.1	Pyrrhura_frontalis__maroon-bellied_parakeet__HLpyrFro1__GCA_010014865.1	Pyrrhura frontalis	maroon-bellied parakeet
GCA_010014965.1	Pyrrhura_griseipectus__Gray-breasted_parakeet__HLpyrGri1__GCA_010014965.1	Pyrrhura griseipectus	Gray-breasted parakeet
GCA_015163975.1	Pyrrhura_lepida__Pearly_parakeet__HLpyrLep1__GCA_015163975.1	Pyrrhura lepida	Pearly parakeet
GCA_011763355.1	Pyrrhura_molinae__Green-cheeked_parakeet__HLpyrMol1__GCA_011763355.1	Pyrrhura molinae	Green-cheeked parakeet
GCA_011763455.1	Pyrrhura_perlata__Crimson_bellied_conure__HLpyrPer1__GCA_011763455.1	Pyrrhura perlata	Crimson bellied conure
GCA_004027225.1	Strigops_habroptila__Kakapo__HLstrHab1__GCA_004027225.1	Strigops habroptila	Kakapo
GCA_010014925.1	Lorius_garrulus__chattering_lory__HLlorGar1__GCA_010014925.1	Lorius garrulus	chattering lory
GCA_010014875.1	Psitteuteles_goldiei__Goldies_lorikeet__HLpsiGol1__GCA_010014875.1	Psitteuteles goldiei	Goldies lorikeet
GCA_041053225.1	Trichoglossus_moluccanus__rainbow_lorikeet__HLtriMol2__GCA_041053225.1	Trichoglossus moluccanus	rainbow lorikeet
GCA_012275295.1	Melopsittacus_undulatus__budgerigar__HLmelUnd2__GCA_012275295.1	Melopsittacus undulatus	budgerigar
GCF_000710305.1	Buceros_rhinoceros_silvestris__Rhinoceros_hornbill__bucRhi1__GCF_000710305.1	Buceros rhinoceros silvestris	Rhinoceros hornbill
GCA_046766075.1	Tockus_deckeni__Von_der_Deckens_hornbill__HLtocDeck1__GCA_046766075.1	Tockus deckeni	Von der Deckens hornbill
GCA_009769605.1	Bucorvus_abyssinicus__Abyssinian_ground-hornbill__HLbucAby1__GCA_009769605.1	Bucorvus abyssinicus	Abyssinian ground-hornbill
GCA_042477495.1	Bucorvus_leadbeateri__Southern_ground_hornbill__HLbucLead1__GCA_042477495.1	Bucorvus leadbeateri	Southern ground hornbill
GCA_028565055.1	Phoeniculus_purpureus__Green_woodhoopoe__HLphoPurp1__GCA_028565055.1	Phoeniculus purpureus	Green woodhoopoe
GCA_013400115.1	Rhinopomastus_cyanomelas__common_scimitar-bill__HLrhiCya1__GCA_013400115.1	Rhinopomastus cyanomelas	common scimitar-bill
GCA_013397515.1	Upupa_epops__Eurasian_hoopoe__HLupuEpo1__GCA_013397515.1	Upupa epops	Eurasian hoopoe
GCF_028858725.1	Colius_striatus__Speckled_mousebird__HLcolStr2__GCF_028858725.1	Colius striatus	Speckled mousebird
GCF_000690715.1	Colius_striatus__speckled_mousebird__colStr1__GCF_000690715.1	Colius striatus	speckled mousebird
GCA_013401255.1	Urocolius_indicus__Red_faced_mousebird__HLuroInd1__GCA_013401255.1	Urocolius indicus	Red faced mousebird
GCA_013397595.1	Halcyon_senegalensis__Woodland_kingfisher__HLhalSen1__GCA_013397595.1	Halcyon senegalensis	Woodland kingfisher
GCA_033439825.1	Todiramphus_cinnamominus__Micronesian_kingfisher__HLtodCinn1__GCA_033439825.1	Todiramphus cinnamominus	Micronesian kingfisher
GCA_025345505.1	Todiramphus_chloris_collaris__Collared_kingfisher__HLtodChloCol1__GCA_025345505.1	Todiramphus chloris collaris	Collared kingfisher
GCA_013401335.1	Brachypteracias_leptosomus__short-legged_ground-roller__HLbraLep1__GCA_013401335.1	Brachypteracias leptosomus	short-legged ground-roller
GCA_013399075.1	Chloroceryle_aenea__American_pygmy_kingfisher__HLchlAen1__GCA_013399075.1	Chloroceryle aenea	American pygmy kingfisher
GCA_033124195.1	Coracias_cyanogaster__Blue-bellied_roller__HLcorCyan1__GCA_033124195.1	Coracias cyanogaster	Blue-bellied roller
GCA_045787065.1	Coracias_garrulus__European_roller__HLcorGarr1__GCA_045787065.1	Coracias garrulus	European roller
GCA_013400335.1	Eurystomus_gularis__Blue_throated_roller__HLeurGul1__GCA_013400335.1	Eurystomus gularis	Blue throated roller
GCA_045783135.1	Merops_apiaster__European_bee-eater__HLmerApia1__GCA_045783135.1	Merops apiaster	European bee-eater
GCA_009819595.1	Merops_nubicus__carmine_bee-eater__HLmerNub1__GCA_009819595.1	Merops nubicus	carmine bee-eater
GCA_013396935.1	Baryphthengus_martii__Rufous_motmot__HLbarMar1__GCA_013396935.1	Baryphthengus martii	Rufous motmot
GCA_013389965.1	Todus_mexicanus__puerto_rican_tody__HLtodMex1__GCA_013389965.1	Todus mexicanus	puerto rican tody
GCA_034619465.1	Leptosomus_discolor__Cuckoo_roller__HLlepDisc2B__GCA_034619465.1	Leptosomus discolor	Cuckoo roller
GCF_000691785.1	Leptosomus_discolor__cuckoo_roller__lepDis1__GCF_000691785.1	Leptosomus discolor	cuckoo roller
GCA_013396975.1	Bucco_capensis__collared_puffbird__HLbucCap1__GCA_013396975.1	Bucco capensis	collared puffbird
GCA_013399015.1	Galbula_dea__Paradise_jacamar__HLgalDea1__GCA_013399015.1	Galbula dea	Paradise jacamar
GCA_027791375.1	Indicator_indicator__Greater_honeyguide__HLindInd2__GCA_027791375.1	Indicator indicator	Greater honeyguide
GCA_013399975.1	Indicator_maculatus__spotted_honeyguide__HLindMac1__GCA_013399975.1	Indicator maculatus	spotted honeyguide
GCA_015220805.1	Pogoniulus_pusillus__Red-fronted_tinkerbird__HLpogPus1__GCA_015220805.1	Pogoniulus pusillus	Red-fronted tinkerbird
GCA_013400475.1	Tricholaema_leucomelas__pied_barbet__HLtriLeu1__GCA_013400475.1	Tricholaema leucomelas	pied barbet
GCA_013396835.1	Psilopogon_haemacephalus__Coppersmith_barbet__HLpsiHae1__GCA_013396835.1	Psilopogon haemacephalus	Coppersmith barbet
GCA_015227895.1	Colaptes_auratus__northern_flicker__HLcolAur1__GCA_015227895.1	Colaptes auratus	northern flicker
GCA_014839835.1	Picoides_pubescens__Downy_woodpecker__HLpicPub2__GCA_014839835.1	Picoides pubescens	Downy woodpecker
GCF_014839835.1	Dryobates_pubescens__Downy_woodpecker__HLpicPub3__GCF_014839835.1	Dryobates pubescens	Downy woodpecker
GCA_045788425.1	Dryocopus_martius__Black_woodpecker__HLdryMart1__GCA_045788425.1	Dryocopus martius	Black woodpecker
GCA_011125475.1	Melanerpes_aurifrons__Golden-fronted_woodpecker__HLmelAur1__GCA_011125475.1	Melanerpes aurifrons	Golden-fronted woodpecker
GCF_026170545.1	Melanerpes_formicivorus__Acorn_woodpecker__HLmelFor1__GCF_026170545.1	Melanerpes formicivorus	Acorn woodpecker
GCA_033816785.1	Picus_viridis__Eurasian_green_woodpecker__HLpicVir1__GCA_033816785.1	Picus viridis	Eurasian green woodpecker
GCA_013396675.1	Eubucco_bourcierii__red-headed_barbet__HLeubBou1__GCA_013396675.1	Eubucco bourcierii	red-headed barbet
GCA_013399055.1	Ramphastos_sulfuratus__Keel_billed_toucan__HLramSul1__GCA_013399055.1	Ramphastos sulfuratus	Keel billed toucan
GCA_040967075.1	Ramphastos_toco__Toco_toucan__HLramToco1__GCA_040967075.1	Ramphastos toco	Toco toucan
GCF_000703405.1	Apaloderma_vittatum__bar-tailed_trogon__apaVit1__GCF_000703405.1	Apaloderma vittatum	bar-tailed trogon
GCA_013399275.1	Trogon_melanurus__black-tailed_trogon__HLtroMel1__GCA_013399275.1	Trogon melanurus	black-tailed trogon
GCA_020746105.1	Trogon_surrucura__Suruca_trogon__HLtroSur1__GCA_020746105.1	Trogon surrucura	Suruca trogon
GCA_003259725.1	Athene_cunicularia__burrowing_owl__HLathCun1__GCA_003259725.1	Athene cunicularia	burrowing owl
GCA_965140245.1	Athene_noctua__Little_owl__HLathNoct1A__GCA_965140245.1	Athene noctua	Little owl
GCA_010303855.1	Bubo_bubo__Eurasian_eagle-owl__HLbubBub1__GCA_010303855.1	Bubo bubo	Eurasian eagle-owl
GCA_017315185.1	Bubo_scandiacus__Snowy_owl__HLbubSca1__GCA_017315185.1	Bubo scandiacus	Snowy owl
GCA_013396715.1	Ciccaba_nigrolineata__Black_and_white_owl__HLcicNig1__GCA_013396715.1	Ciccaba nigrolineata	Black and white owl
GCA_013399595.1	Glaucidium_brasilianum__ferruginous_pygmy-owl__HLglaBra1__GCA_013399595.1	Glaucidium brasilianum	ferruginous pygmy-owl
GCA_010365825.1	Otus_sunia__Oriental_scops-owl__HLotuSun1__GCA_010365825.1	Otus sunia	Oriental scops-owl
GCA_031877795.1	Strix_aluco__Tawny_owl__HLstrAluc1A__GCA_031877795.1	Strix aluco	Tawny owl
GCA_051313305.1	Strix_nebulosa__Great_grey_owl__HLstrNebu1__GCA_051313305.1	Strix nebulosa	Great grey owl
GCF_047716275.1	Strix_uralensis__Ural_owl__HLstrUral1__GCF_047716275.1	Strix uralensis	Ural owl
GCA_002372975.1	Strix_occidentalis_caurina__northern_spotted_owl__HLstrOcc1__GCA_002372975.1	Strix occidentalis caurina	northern spotted owl
GCA_002372975.2	Strix_occidentalis_caurina__northern_spotted_owl__HLstrOccCau2__GCA_002372975.2	Strix occidentalis caurina	northern spotted owl
GCA_045785065.1	Surnia_ulula__Northern_hawk-owl__HLsurUlul1__GCA_045785065.1	Surnia ulula	Northern hawk-owl
GCF_018691265.1	Tyto_alba__Barn_owl__HLtytAlb3__GCF_018691265.1	Tyto alba	Barn owl
GCA_003342985.1	Apteryx_haastii__Great_spotted_kiwi__HLaptHaa1__GCA_003342985.1	Apteryx haastii	Great spotted kiwi
GCF_036417845.1	Apteryx_mantelli__North_Island_brown_kiwi__HLaptMant2A__GCF_036417845.1	Apteryx mantelli	North Island brown kiwi
GCA_003342965.1	Apteryx_owenii__little_spotted_kiwi__HLaptOwe1__GCA_003342965.1	Apteryx owenii	little spotted kiwi
GCA_003343035.1	Apteryx_rowi__Okarito_brown_kiwi__HLaptRow1__GCA_003343035.1	Apteryx rowi	Okarito brown kiwi
GCF_001039765.1	Apteryx_mantelli_mantelli__North_Island_brown_kiwi__aptMan1__GCF_001039765.1	Apteryx mantelli mantelli	North Island brown kiwi
GCA_003342895.1	Casuarius_casuarius__southern_cassowary__HLcasCas1__GCA_003342895.1	Casuarius casuarius	southern cassowary
GCA_013396415.1	Casuarius_casuarius__southern_cassowary__HLcasCas2__GCA_013396415.1	Casuarius casuarius	southern cassowary
GCF_036370855.1	Dromaius_novaehollandiae__Emu__HLdroNov3__GCF_036370855.1	Dromaius novaehollandiae	Emu
GCA_003342835.1	Pterocnemia_pennata__lesser_rhea__HLptePen1__GCA_003342835.1	Pterocnemia pennata	lesser rhea
GCA_003343005.1	Rhea_americana__greater_rhea__HLrheAme1__GCA_003343005.1	Rhea americana	greater rhea
GCF_028389875.1	Rhea_pennata__Lesser_rhea__HLrhePen1__GCF_028389875.1	Rhea pennata	Lesser rhea
GCF_040807025.1	Struthio_camelus__African_ostrich__HLstrCame2A__GCF_040807025.1	Struthio camelus	African ostrich
GCF_000698965.1	Struthio_camelus_australis__African_ostrich__strCam1__GCF_000698965.1	Struthio camelus australis	African ostrich
GCA_003342915.1	Crypturellus_cinnamomeus__Thicket_tinamou__HLcryCin1__GCA_003342915.1	Crypturellus cinnamomeus	Thicket tinamou
GCA_013389845.1	Crypturellus_soui__Little_tinamou__HLcrySou1__GCA_013389845.1	Crypturellus soui	Little tinamou
GCA_013389825.1	Crypturellus_undulatus__Undulated_tinamou__HLcryUnd1__GCA_013389825.1	Crypturellus undulatus	Undulated tinamou
GCA_003342815.1	Eudromia_elegans__elegant_crested-tinamou__HLeudEle1__GCA_003342815.1	Eudromia elegans	elegant crested-tinamou
GCA_047922985.1	Eudromia_elegans__Elegant_crested-tinamou__HLeudEleg2A__GCA_047922985.1	Eudromia elegans	Elegant crested-tinamou
GCA_013398735.1	Nothocercus_julius__Tawny_breasted_tinamou__HLnotJul1__GCA_013398735.1	Nothocercus julius	Tawny breasted tinamou
GCA_013398345.1	Nothocercus_nigrocapillus__Hooded_tinamou__HLnotNig1__GCA_013398345.1	Nothocercus nigrocapillus	Hooded tinamou
GCA_013398335.1	Nothoprocta_ornata__Ornate_tinamou__HLnotOrn1__GCA_013398335.1	Nothoprocta ornata	Ornate tinamou
GCA_013398315.1	Nothoprocta_pentlandii__Andean_tinamou__HLnotPen1__GCA_013398315.1	Nothoprocta pentlandii	Andean tinamou
GCA_003342845.1	Nothoprocta_perdicaria__Chilean_tinamou__HLnotPer1__GCA_003342845.1	Nothoprocta perdicaria	Chilean tinamou
GCF_000705375.1	Tinamus_guttatus__white-throated_tinamou__tinGut2__GCF_000705375.1	Tinamus guttatus	white-throated tinamou
GCF_016920845.1	Gasterosteus_aculeatus_aculeatus__three-spined_stickleback__HLgasAcu2__GCF_016920845.1	Gasterosteus aculeatus aculeatus	three-spined stickleback
GCF_004115215.2	Ornithorhynchus_anatinus__platypus__HLornAna4__GCF_004115215.2	Ornithorhynchus anatinus	platypus
GCF_015852505.1	Tachyglossus_aculeatus__Australian_echidna__HLtacAcu2__GCF_015852505.1	Tachyglossus aculeatus	Australian echidna
GCA_054824725.1	Amblysomus_hottentotus__Hottentot_golden_mole__HLambHott1A__GCA_054824725.1	Amblysomus hottentotus	Hottentot golden mole
GCF_000296735.1	Chrysochloris_asiatica__Cape_golden_mole__chrAsi1__GCF_000296735.1	Chrysochloris asiatica	Cape golden mole
GCA_004026705.1	Nesogale_talazaci__Talazacs_shrew_tenrec__HLmicTal1__GCA_004026705.1	Nesogale talazaci	Talazacs shrew tenrec
GCF_000313985.1	Echinops_telfairi__small_Madagascar_hedgehog__echTel2__GCF_000313985.1	Echinops telfairi	small Madagascar hedgehog
TBG Hillerlab, Fauna	Tenrec_ecaudatus__Tailless_tenrec__HLtenEca1A	Tenrec ecaudatus	Tailless tenrec
TBG Hillerlab, Fauna	Tenrec_ecaudatus__Tailless_tenrec__HLtenEca1B	Tenrec ecaudatus	Tailless tenrec
GCF_050624435.1	Tenrec_ecaudatus__Tailless_tenrec__HLtenEcau2A__GCF_050624435.1	Tenrec ecaudatus	Tailless tenrec
GCA_050624465.1	Tenrec_ecaudatus__Tailless_tenrec__HLtenEcau2B__GCA_050624465.1	Tenrec ecaudatus	Tailless tenrec
GCA_028571685.1	Heterohyrax_brucei__yellow-spotted_hyrax__HLhetBru2__GCA_028571685.1	Heterohyrax brucei	yellow-spotted hyrax
GCA_004026925.2	Procavia_capensis__Cape_rock_hyrax__HLproCap3__GCA_004026925.2	Procavia capensis	Cape rock hyrax
DNA Zoo Consortium	Procavia_capensis__Cape_rock_hyrax__HLproCap4	Procavia capensis	Cape rock hyrax
GCF_000299155.1	Elephantulus_edwardii__Cape_elephant_shrew__eleEdw1__GCF_000299155.1	Elephantulus edwardii	Cape elephant shrew
GCA_043290085.1	Rhynchocyon_petersi__Black_and_rufous_elephant_shrew__HLrhyPet1A__GCA_043290085.1	Rhynchocyon petersi	Black and rufous elephant shrew
GCA_043290065.1	Rhynchocyon_petersi__Black_and_rufous_elephant_shrew__HLrhyPet1B__GCA_043290065.1	Rhynchocyon petersi	Black and rufous elephant shrew
GCA_024166365.1	Elephas_maximus_indicus__Asiatic_elephant__HLeleMax2__GCA_024166365.1	Elephas maximus indicus	Asiatic elephant
GCF_024166365.1	Elephas_maximus_indicus__Asiatic_elephant__HLeleMaxInd3A__GCF_024166365.1	Elephas maximus indicus	Asiatic elephant
GCA_030014295.1	Loxodonta_africana__African_savanna_elephant__HLloxAfr5A__GCA_030014295.1	Loxodonta africana	African savanna elephant
GCA_030020305.1	Loxodonta_africana__African_savanna_elephant__HLloxAfr5B__GCA_030020305.1	Loxodonta africana	African savanna elephant
GCA_015147995.1	Dugong_dugon__dugong__HLdugDug1__GCA_015147995.1	Dugong dugon	dugong
PMID 35119923	Dugong_dugon__dugong__HLdugDug2	Dugong dugon	dugong
GCA_030035585.1	Dugong_dugon__Dugong__HLdugDugo3A__GCA_030035585.1	Dugong dugon	Dugong
GCA_013391785.1	Hydrodamalis_gigas__Stellers_sea_cow__HLhydGig1__GCA_013391785.1	Hydrodamalis gigas	Stellers sea cow
GCA_046562895.1	Trichechus_inunguis__Amazon_manatee__HLtriInu1A__GCA_046562895.1	Trichechus inunguis	Amazon manatee
GCA_046562985.1	Trichechus_inunguis__Amazon_manatee__HLtriInu1B__GCA_046562985.1	Trichechus inunguis	Amazon manatee
DNA Zoo Consortium	Trichechus_manatus__West_Indian_manatee__HLtriManLat2	Trichechus manatus	West Indian manatee
GCA_054668785.1	Orycteropus_afer__Aardvark__HLoryAfer3A__GCA_054668785.1	Orycteropus afer	Aardvark
DNA Zoo Consortium	Orycteropus_afer_afer__aardvark__HLoryAfeAfe2	Orycteropus afer afer	aardvark
GCA_027409185.1	Cynocephalus_volans__Philippine_flying_lemur__HLcynVol1__GCA_027409185.1	Cynocephalus volans	Philippine flying lemur
GCA_004027255.2	Galeopterus_variegatus__Sunda_flying_lemur__HLgalVar2__GCA_004027255.2	Galeopterus variegatus	Sunda flying lemur
GCA_004026855.1	Lepus_americanus__snowshoe_hare__HLlepAme1__GCA_004026855.1	Lepus americanus	snowshoe hare
GCA_042027585.1	Lepus_capensis__Brown_hare__HLlepCap1__GCA_042027585.1	Lepus capensis	Brown hare
GCA_978442995.1	Lepus_castroviejoi__Broom_Hare__HLlepCast1__GCA_978442995.1	Lepus castroviejoi	Broom Hare
GCF_033115175.1	Lepus_europaeus__European_hare__HLlepEur1__GCF_033115175.1	Lepus europaeus	European hare
GCA_036325905.1	Lepus_oiostolus__Woolly_hare__HLlepOio1__GCA_036325905.1	Lepus oiostolus	Woolly hare
GCA_009760805.1	Lepus_timidus__Mountain_hare__HLlepTim1__GCA_009760805.1	Lepus timidus	Mountain hare
GCA_040893245.2	Lepus_timidus__Mountain_hare__HLlepTimi2__GCA_040893245.2	Lepus timidus	Mountain hare
GCA_051942805.1	Lepus_tolai__Tolai_hare__HLlepTola1__GCA_051942805.1	Lepus tolai	Tolai hare
GCA_029532125.1	Lepus_townsendii__White-tailed_jackrabbit__HLlepTow1__GCA_029532125.1	Lepus townsendii	White-tailed jackrabbit
GCA_047496845.1	Lepus_yarkandensis__Yarkand_hare__HLlepYar1__GCA_047496845.1	Lepus yarkandensis	Yarkand hare
GCA_055471105.1	Lepus_americanus__Snowshoe_hare__HLlepAmer2__GCA_055471105.1	Lepus americanus	Snowshoe hare
GCF_964237555.1	Oryctolagus_cuniculus__Rabbit__HLoryCuni5__GCF_964237555.1	Oryctolagus cuniculus	Rabbit
GCA_051225735.1	Oryctolagus_cuniculus__Rabbit__HLoryCuni6__GCA_051225735.1	Oryctolagus cuniculus	Rabbit
GCA_013371645.1	Oryctolagus_cuniculus_cuniculus__rabbit__HLoryCunCun4__GCA_013371645.1	Oryctolagus cuniculus cuniculus	rabbit
DNA Zoo Consortium	Sylvilagus_bachmani__brush_rabbit__HLsylBac1	Sylvilagus bachmani	brush rabbit
GCA_949820135.1	Sylvilagus_floridanus__eastern_cottontail__HLsylFlo1__GCA_949820135.1	Sylvilagus floridanus	eastern cottontail
GCA_051943095.1	Ochotona_argentata__Helan_Shan_pika__HLochArge1__GCA_051943095.1	Ochotona argentata	Helan Shan pika
GCF_017591425.1	Ochotona_curzoniae__black-lipped_pika__HLochCur1__GCF_017591425.1	Ochotona curzoniae	black-lipped pika
GCF_030435755.1	Ochotona_princeps__American_pika__HLochPri4__GCF_030435755.1	Ochotona princeps	American pika
GCA_007922755.1	Pedetes_capensis__springhare__HLpedCap1__GCA_007922755.1	Pedetes capensis	springhare
DNA Zoo Consortium	Castor_canadensis__American_beaver__HLcasCan3	Castor canadensis	American beaver
GCA_047511655.2	Castor_canadensis__American_beaver__HLcasCana4A__GCA_047511655.2	Castor canadensis	American beaver
GCA_001984765.2	Castor_canadensis__American_beaver__HLcasCana5__GCA_001984765.2	Castor canadensis	American beaver
GCA_977036005.1	Castor_fiber__Eurasian_beaver__HLcasFibe1__GCA_977036005.1	Castor fiber	Eurasian beaver
GCA_040207655.1	Geomys_bursarius__Plains_pocket_gopher__HLgeoBur1__GCA_040207655.1	Geomys bursarius	Plains pocket gopher
GCA_031878675.1	Thomomys_bottae__Bottas_pocket_gopher__HLthoBot2A__GCA_031878675.1	Thomomys bottae	Bottas pocket gopher
GCA_031878665.1	Thomomys_bottae__Bottas_pocket_gopher__HLthoBot2B__GCA_031878665.1	Thomomys bottae	Bottas pocket gopher
GCA_024711535.1	Dipodomys_merriami__Merriams_kangaroo_rat__HLdipMer1__GCA_024711535.1	Dipodomys merriami	Merriams kangaroo rat
GCF_019054845.1	Dipodomys_spectabilis__banner-tailed_kangaroo_rat__HLdipSpe1__GCF_019054845.1	Dipodomys spectabilis	banner-tailed kangaroo rat
GCA_004024685.1	Dipodomys_stephensi__Stephenss_kangaroo_rat__HLdipSte1__GCA_004024685.1	Dipodomys stephensi	Stephenss kangaroo rat
GCF_000151885.1	Dipodomys_ordii__Ords_kangaroo_rat__dipOrd2__GCF_000151885.1	Dipodomys ordii	Ords kangaroo rat
GCF_023159225.1	Perognathus_longimembris_pacificus__Pacific_pocket_mouse__HLperLonPac2__GCF_023159225.1	Perognathus longimembris pacificus	Pacific pocket mouse
DNA Zoo Consortium	Bathyergus_suillus__Cape_dune_mole-rat__HLbatSui1	Bathyergus suillus	Cape dune mole-rat
GCA_053478225.1	Fukomys_anselli__Ansells_mole-rat__HLfukAnse1__GCA_053478225.1	Fukomys anselli	Ansells mole-rat
GCA_012274545.1	Fukomys_damarensis__Damara_mole-rat__HLfukDam2__GCA_012274545.1	Fukomys damarensis	Damara mole-rat
DNA Zoo Consortium	Heterocephalus_glaber__naked_mole-rat__HLhetGla3	Heterocephalus glaber	naked mole-rat
GCA_944319715.1	Heterocephalus_glaber__naked_mole-rat__HLhetGla5__GCA_944319715.1	Heterocephalus glaber	naked mole-rat
GCF_000247695.1	Heterocephalus_glaber__naked_mole-rat__hetGla2__GCF_000247695.1	Heterocephalus glaber	naked mole-rat
GCA_034190915.1	Cavia_porcellus__domestic_guinea_pig__HLcavPor4__GCA_034190915.1	Cavia porcellus	domestic guinea pig
GCA_004027695.1	Cavia_tschudii__Montane_guinea_pig__HLcavTsc1__GCA_004027695.1	Cavia tschudii	Montane guinea pig
GCA_000688575.1	Cavia_aperea__Brazilian_guinea_pig__cavApe1__GCA_000688575.1	Cavia aperea	Brazilian guinea pig
GCA_004027295.1	Dolichotis_patagonum__Patagonian_cavy__HLdolPat1__GCA_004027295.1	Dolichotis patagonum	Patagonian cavy
GCF_000276665.1	Chinchilla_lanigera__long-tailed_chinchilla__chiLan1__GCF_000276665.1	Chinchilla lanigera	long-tailed chinchilla
DNA Zoo Consortium	Lagostomus_maximus__plains_viscacha__HLlagMax1	Lagostomus maximus	plains viscacha
GCA_004027205.1	Ctenodactylus_gundi__northern_gundi__HLcteGun1__GCA_004027205.1	Ctenodactylus gundi	northern gundi
GCA_048771875.1	Ctenodactylus_gundi__Northern_gundi__HLcteGund2A__GCA_048771875.1	Ctenodactylus gundi	Northern gundi
GCA_004027165.1	Ctenomys_sociabilis__social_tuco-tuco__HLcteSoc1__GCA_004027165.1	Ctenomys sociabilis	social tuco-tuco
GCA_004363535.1	Dasyprocta_punctata__punctate_agouti__HLdasPun1__GCA_004363535.1	Dasyprocta punctata	punctate agouti
GCA_004027595.1	Dinomys_branickii__pacarana__HLdinBra1__GCA_004027595.1	Dinomys branickii	pacarana
DNA Zoo Consortium	Coendou_prehensilis__Brazilian_porcupine__HLcoePre1	Coendou prehensilis	Brazilian porcupine
GCA_028451465.1	Erethizon_dorsatum__North_American_porcupine__HLereDor3__GCA_028451465.1	Erethizon dorsatum	North American porcupine
GCA_004027455.1	Hydrochoerus_hydrochaeris__capybara__HLhydHyd1__GCA_004027455.1	Hydrochoerus hydrochaeris	capybara
DNA Zoo Consortium	Hydrochoerus_hydrochaeris__capybara__HLhydHyd2	Hydrochoerus hydrochaeris	capybara
GCA_016801275.1	Hystrix_brachyura__Malayan_porcupine__HLhysBra1__GCA_016801275.1	Hystrix brachyura	Malayan porcupine
GCA_004026905.1	Hystrix_cristata__crested_porcupine__HLhysCri1__GCA_004026905.1	Hystrix cristata	crested porcupine
DNA Zoo Consortium	Myocastor_coypus__coypu__HLmyoCoy2	Myocastor coypus	coypu
GCF_000260255.1	Octodon_degus__degu__octDeg1__GCF_000260255.1	Octodon degus	degu
GCA_004026965.1	Petromus_typicus__dassie-rat__HLpetTyp1__GCA_004026965.1	Petromus typicus	dassie-rat
GCA_004025085.1	Thryonomys_swinderianus__Greater_cane_rat__HLthrSwi1__GCA_004025085.1	Thryonomys swinderianus	Greater cane rat
GCA_004027895.1	Orientallactaga_bullata__Gobi_jerboa__HLallBul1__GCA_004027895.1	Orientallactaga bullata	Gobi jerboa
GCA_041429955.1	Orientallactaga_sibirica__Mongolian_five-toed_jerboa__HLoriSib2__GCA_041429955.1	Orientallactaga sibirica	Mongolian five-toed jerboa
GCA_040869305.1	Salpingotus_crassicauda__Thick-tailed_pygmy_jerboa__HLsalCra1__GCA_040869305.1	Salpingotus crassicauda	Thick-tailed pygmy jerboa
GCA_036346955.1	Dipus_sagitta__northern_three-toed_jerboa__HLdipSag1__GCA_036346955.1	Dipus sagitta	northern three-toed jerboa
GCA_020740685.1	Jaculus_jaculus__lesser_Egyptian_jerboa__HLjacJac2__GCA_020740685.1	Jaculus jaculus	lesser Egyptian jerboa
GCA_982266845.1	Sicista_trizona__Hungarian_birch_mouse__HLsicTriz1A__GCA_982266845.1	Sicista trizona	Hungarian birch mouse
GCA_004024765.1	Zapus_hudsonius__meadow_jumping_mouse__HLzapHud1__GCA_004024765.1	Zapus hudsonius	meadow jumping mouse
GCF_014885135.2	Alexandromys_fortis__Reed_vole__HLaleFor1__GCF_014885135.2	Alexandromys fortis	Reed vole
GCA_963919705.1	Alexandromys_oeconomus__Root_vole__HLaleOec1__GCA_963919705.1	Alexandromys oeconomus	Root vole
GCA_014885135.1	Alexandromys_fortis__reed_vole__HLmicFor1__GCA_014885135.1	Alexandromys fortis	reed vole
GCA_007455595.1	Alexandromys_oeconomus__root_vole__HLmicOec1__GCA_007455595.1	Alexandromys oeconomus	root vole
GCA_903992535.1	Arvicola_amphibius__Eurasian_water_mole__HLarvAmp1__GCA_903992535.1	Arvicola amphibius	Eurasian water mole
GCF_950005125.1	Chionomys_nivalis__European_snow_vole__HLchiNiv1__GCF_950005125.1	Chionomys nivalis	European snow vole
GCA_040207285.1	Clethrionomys_rutilus__Northern_red-backed_vole__HLcleRut1__GCA_040207285.1	Clethrionomys rutilus	Northern red-backed vole
GCA_028555095.1	Dicrostonyx_torquatus__Arctic_lemming__HLdicTor1__GCA_028555095.1	Dicrostonyx torquatus	Arctic lemming
GCA_001685095.1	Ellobius_talpinus__Northern_mole_vole__HLellTal1__GCA_001685095.1	Ellobius talpinus	Northern mole vole
GCA_052819205.1	Lasiopodomys_brandtii__Brandts_vole__HLlasBran1__GCA_052819205.1	Lasiopodomys brandtii	Brandts vole
GCA_052819315.1	Lasiopodomys_mandarinus__Mandarin_vole__HLlasMand1__GCA_052819315.1	Lasiopodomys mandarinus	Mandarin vole
GCA_964027135.1	Lemmus_lemmus__Norway_lemming__HLlemLemm1__GCA_964027135.1	Lemmus lemmus	Norway lemming
GCA_902806775.1	Microtus_agrestis__short-tailed_field_vole__HLmicAgr2__GCA_902806775.1	Microtus agrestis	short-tailed field vole
GCA_007455615.1	Microtus_arvalis__Common_vole__HLmicArv1__GCA_007455615.1	Microtus arvalis	Common vole
GCA_028537955.1	Microtus_californicus__California_vole__HLmicCal1A__GCA_028537955.1	Microtus californicus	California vole
GCA_028537755.1	Microtus_californicus__California_vole__HLmicCal1B__GCA_028537755.1	Microtus californicus	California vole
GCA_044665705.1	Microtus_obscurus__Altai_voie__HLmicObs1__GCA_044665705.1	Microtus obscurus	Altai voie
GCF_018167655.1	Microtus_oregoni__creeping_vole__HLmicOre1__GCF_018167655.1	Microtus oregoni	creeping vole
GCA_037038515.1	Microtus_pennsylvanicus__Meadow_vole__HLmicPen1A__GCA_037038515.1	Microtus pennsylvanicus	Meadow vole
GCA_037039175.1	Microtus_pennsylvanicus__Meadow_vole__HLmicPen1B__GCA_037039175.1	Microtus pennsylvanicus	Meadow vole
GCF_000317375.1	Microtus_ochrogaster__prairie_vole__micOch1__GCF_000317375.1	Microtus ochrogaster	prairie vole
GCA_020387435.1	Microtus_richardsoni_arvicoloides__water_vole__HLmicRicArv1__GCA_020387435.1	Microtus richardsoni arvicoloides	water vole
GCA_902806735.1	Myodes_glareolus__Bank_vole__HLmyoGla2__GCA_902806735.1	Myodes glareolus	Bank vole
GCA_982192425.1	Myodes_glareolus__Bank_vole__HLmyoGlar3__GCA_982192425.1	Myodes glareolus	Bank vole
GCA_047571435.1	Neodon_fuscus__Smokey_vole__HLneoFus1__GCA_047571435.1	Neodon fuscus	Smokey vole
GCA_025134845.1	Neodon_shergylaensis__Shergyla_mountain_vole__HLneoShe1__GCA_025134845.1	Neodon shergylaensis	Shergyla mountain vole
GCA_004026605.1	Ondatra_zibethicus__muskrat__HLondZib1__GCA_004026605.1	Ondatra zibethicus	muskrat
GCA_001685075.1	Bramus_lutescens__Transcaucasian_mole_vole__HLellLut1__GCA_001685075.1	Bramus lutescens	Transcaucasian mole vole
GCA_003668045.1	Cricetulus_griseus__Chinese_hamster__HLcriGri3__GCA_003668045.1	Cricetulus griseus	Chinese hamster
GCA_964304595.1	Cricetus_cricetus__Black-bellied_hamster__HLcriCri1__GCA_964304595.1	Cricetus cricetus	Black-bellied hamster
GCF_017639785.1	Mesocricetus_auratus__golden_hamster__HLmesAur3__GCF_017639785.1	Mesocricetus auratus	golden hamster
GCA_056461545.1	Mesocricetus_auratus__Golden_hamster__HLmesAura4__GCA_056461545.1	Mesocricetus auratus	Golden hamster
GCA_943737965.1	Phodopus_roborovskii__desert_hamster__HLphoRob1__GCA_943737965.1	Phodopus roborovskii	desert hamster
GCA_030556225.1	Phodopus_sungorus__winter_white_dwarf_hamster__HLphoSun2__GCA_030556225.1	Phodopus sungorus	winter white dwarf hamster
GCA_050000055.1	Neotoma_floridana__Eastern_woodrat__HLneoFlor1A__GCA_050000055.1	Neotoma floridana	Eastern woodrat
GCA_001675575.1	Neotoma_lepida__desert_woodrat__HLneoLep1__GCA_001675575.1	Neotoma lepida	desert woodrat
DNA Zoo Consortium	Neotomodon_alstoni__Mexican_volcano_mouse__HLneoAls1	Neotomodon alstoni	Mexican volcano mouse
GCA_949786405.1	Onychomys_arenicola__Chihuahuan_grasshopper_mouse__HLonyAre1A__GCA_949786405.1	Onychomys arenicola	Chihuahuan grasshopper mouse
GCA_949786425.1	Onychomys_arenicola__Chihuahuan_grasshopper_mouse__HLonyAre1B__GCA_949786425.1	Onychomys arenicola	Chihuahuan grasshopper mouse
GCA_949786385.1	Onychomys_leucogaster__Northern_grasshopper_mouse__HLonyLeu1__GCA_949786385.1	Onychomys leucogaster	Northern grasshopper mouse
GCA_903995425.1	Onychomys_torridus__southern_grasshopper_mouse__HLonyTor1__GCA_903995425.1	Onychomys torridus	southern grasshopper mouse
DNA Zoo Consortium	Peromyscus_crinitus__canyon_mouse__HLperCri1	Peromyscus crinitus	canyon mouse
GCA_902702925.1	Peromyscus_eremicus__cactus_mouse__HLperEre1__GCA_902702925.1	Peromyscus eremicus	cactus mouse
GCF_949786415.1	Peromyscus_eremicus__Cactus_mouse__HLperErem2__GCF_949786415.1	Peromyscus eremicus	Cactus mouse
GCA_004664715.1	Peromyscus_leucopus__white-footed_mouse__HLperLeu1__GCA_004664715.1	Peromyscus leucopus	white-footed mouse
DNA Zoo Consortium	Peromyscus_nasutus__northern_rock_mouse__HLperNas1	Peromyscus nasutus	northern rock mouse
GCA_007827085.2	Peromyscus_californicus_insignis__California_mouse__HLperCal2__GCA_007827085.2	Peromyscus californicus insignis	California mouse
GCF_007827085.1	Peromyscus_californicus_insignis__California_mouse__HLperCalIns3__GCF_007827085.1	Peromyscus californicus insignis	California mouse
GCA_003704035.1	Peromyscus_maniculatus_bairdii__prairie_deer_mouse__HLperManBai2__GCA_003704035.1	Peromyscus maniculatus bairdii	prairie deer mouse
GCA_026229955.1	Peromyscus_maniculatus_sonoriensis__North_American_deer_mouse__HLperManSon3__GCA_026229955.1	Peromyscus maniculatus sonoriensis	North American deer mouse
GCF_049852395.1	Peromyscus_maniculatus_bairdii__Prairie_deer_mouse__HLperManiBai4__GCF_049852395.1	Peromyscus maniculatus bairdii	Prairie deer mouse
GCA_003704135.2	Peromyscus_polionotus_subgriseus__oldfield_mouse__HLperPol1__GCA_003704135.2	Peromyscus polionotus subgriseus	oldfield mouse
GCA_043882965.1	Reithrodontomys_megalotis_longicaudus__Western_harvest_mouse__HLreiMegLon1__GCA_043882965.1	Reithrodontomys megalotis longicaudus	Western harvest mouse
GCA_049901635.1	Scotinomys_teguina__Alstons_brown_mouse__HLscoTegu1__GCA_049901635.1	Scotinomys teguina	Alstons brown mouse
GCA_050578075.1	Holochilus_nanus__Neotropical_marsh_rat__HLholNanu1__GCA_050578075.1	Holochilus nanus	Neotropical marsh rat
GCA_033318265.1	Phyllotis_vaccarum__Punta_de_Vaca_leaf-eared_mouse__HLphyVac1__GCA_033318265.1	Phyllotis vaccarum	Punta de Vaca leaf-eared mouse
GCA_041721565.1	Sigmodon_hispidus__Hispid_cotton_rat__HLsigHis2__GCA_041721565.1	Sigmodon hispidus	Hispid cotton rat
GCA_047301775.1	Sigmodon_hispidus__Hispid_cotton_rat__HLsigHisp3__GCA_047301775.1	Sigmodon hispidus	Hispid cotton rat
GCA_004027535.1	Acomys_cahirinus__Egyptian_spiny_mouse__HLacoCah1__GCA_004027535.1	Acomys cahirinus	Egyptian spiny mouse
https://zenodo.org/record/7761277#.ZEKxiRVBwsw	Acomys_cahirinus__Egyptian_spiny_mouse__HLacoCah2	Acomys cahirinus	Egyptian spiny mouse
GCA_907164435.1	Acomys_dimidiatus__Eastern_spiny_mouse__HLacoDim1__GCA_907164435.1	Acomys dimidiatus	Eastern spiny mouse
GCA_907164505.1	Acomys_kempi__Kemps_spiny_mouse__HLacoKem1__GCA_907164505.1	Acomys kempi	Kemps spiny mouse
GCA_964271855.1	Acomys_minous__Crete_spiny_mouse__HLacoMin1__GCA_964271855.1	Acomys minous	Crete spiny mouse
GCA_907169655.1	Acomys_percivali__Percivals_spiny_mouse__HLacoPer1__GCA_907169655.1	Acomys percivali	Percivals spiny mouse
GCA_903995435.1	Acomys_russatus__golden_spiny_mouse__HLacoRus1__GCA_903995435.1	Acomys russatus	golden spiny mouse
GCA_036365155.1	Meriones_psammophilus__Rodents__HLmerPsa1__GCA_036365155.1	Meriones psammophilus	Rodents
GCF_030254825.1	Meriones_unguiculatus__Mongolian_gerbil__HLmerUng2__GCF_030254825.1	Meriones unguiculatus	Mongolian gerbil
DNA Zoo Consortium	Pachyuromys_duprasi__fat-tailed_gerbil__HLpacDup1	Pachyuromys duprasi	fat-tailed gerbil
GCA_002215935.2	Psammomys_obesus__fat_sand_rat__HLpsaObe1__GCA_002215935.2	Psammomys obesus	fat sand rat
GCA_010120015.1	Rhombomys_opimus__great_gerbil__HLrhoOpi1__GCA_010120015.1	Rhombomys opimus	great gerbil
GCA_907164525.1	Lophiomys_imhausi__crested_rat__HLlopImh1__GCA_907164525.1	Lophiomys imhausi	crested rat
GCA_019843815.1	Montemys_delectorum__delectable_soft-furred_mouse__HLpraDel1__GCA_019843815.1	Montemys delectorum	delectable soft-furred mouse
GCA_964023405.1	Apodemus_agrarius__Eurasian_field_mouse__HLapoAgr1__GCA_964023405.1	Apodemus agrarius	Eurasian field mouse
GCA_045298715.1	Apodemus_speciosus__Large_Japanese_field_mouse__HLapoSpe1__GCA_045298715.1	Apodemus speciosus	Large Japanese field mouse
GCF_947179515.1	Apodemus_sylvaticus__European_woodmouse__HLapoSyl2__GCF_947179515.1	Apodemus sylvaticus	European woodmouse
GCA_011762505.1	Arvicanthis_niloticus__African_grass_rat__HLarvNil1__GCA_011762505.1	Arvicanthis niloticus	African grass rat
GCF_011762505.2	Arvicanthis_niloticus__Nile_rat__HLarvNilo2__GCF_011762505.2	Arvicanthis niloticus	Nile rat
GCA_004785775.1	Grammomys_surdaster__African_woodland_thicket_rat__HLgraSur1__GCA_004785775.1	Grammomys surdaster	African woodland thicket rat
DNA Zoo Consortium	Hydromys_chrysogaster__Golden-bellied_water_rat__HLhydChr1	Hydromys chrysogaster	Golden-bellied water rat
DNA Zoo Consortium	Mastacomys_fuscus__broad-toothed_rat__HLmasFus1	Mastacomys fuscus	broad-toothed rat
GCA_008632895.1	Mastomys_coucha__southern_multimammate_mouse__HLmasCou1__GCA_008632895.1	Mastomys coucha	southern multimammate mouse
GCA_963924665.1	Micromys_minutus__European_harvest_mouse__HLmicMin1__GCA_963924665.1	Micromys minutus	European harvest mouse
GCA_900095145.2	Mus_pahari__shrew_mouse__HLmusPah1__GCA_900095145.2	Mus pahari	shrew mouse
GCA_900094665.2	Mus_caroli__Ryukyu_mouse__HLmusCar1__GCA_900094665.2	Mus caroli	Ryukyu mouse
GCA_949316315.1	Mus_musculus__House_mouse__HLmusMusc41__GCA_949316315.1	Mus musculus	House mouse
GCA_003336285.1	Mus_spicilegus__steppe_mouse__HLmusSpi1__GCA_003336285.1	Mus spicilegus	steppe mouse
GCA_921997135.2	Mus_spretus__Western_wild_mouse__HLmusSpr2__GCA_921997135.2	Mus spretus	Western wild mouse
GCF_000001635.20	Mus_musculus__house_mouse__mm10__GCF_000001635.20	Mus musculus	house mouse
GCF_000001635.27	Mus_musculus__house_mouse__mm39__GCF_000001635.27	Mus musculus	house mouse
GCA_921999095.1	Mus_musculus_molossinus__Japanese_wild_mouse__HLmusMusMol40__GCA_921999095.1	Mus musculus molossinus	Japanese wild mouse
GCA_902729475.2	Mus_minutoides__Southern_African_pygmy_mouse__HLmusMin1__GCA_902729475.2	Mus minutoides	Southern African pygmy mouse
DNA Zoo Consortium	Pseudomys_desertor__brown_desert_mouse__HLpseDes1	Pseudomys desertor	brown desert mouse
DNA Zoo Consortium	Pseudomys_fumeus__smoky_mouse__HLpseFum1	Pseudomys fumeus	smoky mouse
GCF_036323735.1	Rattus_norvegicus__Norway_rat__HLratNor8__GCF_036323735.1	Rattus norvegicus	Norway rat
GCA_011064425.1	Rattus_rattus__black_rat__HLratRat7__GCA_011064425.1	Rattus rattus	black rat
GCF_015227675.2	Rattus_norvegicus__Norway_rat__rn7__GCF_015227675.2	Rattus norvegicus	Norway rat
GCA_019844195.1	Rhabdomys_dilectus__mesic_four-striped_grass_rat__HLrhaDil1__GCA_019844195.1	Rhabdomys dilectus	mesic four-striped grass rat
GCA_030674055.1	Rhabdomys_pumilio__Four-striped_grass_mouse__HLrhaPum1__GCA_030674055.1	Rhabdomys pumilio	Four-striped grass mouse
GCA_019843965.1	Rhynchomys_soricoides__Mount_Data_shrew_rat__HLrhySor1__GCA_019843965.1	Rhynchomys soricoides	Mount Data shrew rat
GCA_036184385.1	Tokudaia_muenninki__Okinawa_island_spiny_rat__HLtokMue1__GCA_036184385.1	Tokudaia muenninki	Okinawa island spiny rat
GCA_027943515.1	Tokudaia_osimensis__Amami-oshima_island_spiny_rat__HLtokOsi1__GCA_027943515.1	Tokudaia osimensis	Amami-oshima island spiny rat
GCA_036184795.1	Tokudaia_tokunoshimensis__Tokunoshima_spiny_rat__HLtokTok1__GCA_036184795.1	Tokudaia tokunoshimensis	Tokunoshima spiny rat
DNA Zoo Consortium	Uromys_caudimaculatus__giant_uromys__HLuroCau1	Uromys caudimaculatus	giant uromys
DNA Zoo Consortium	Cricetomys_ansorgei__southern_giant_pouched_rat__HLcriAns1	Cricetomys ansorgei	southern giant pouched rat
GCA_004027575.1	Cricetomys_gambianus__Gambian_giant_pouched_rat__HLcriGam1__GCA_004027575.1	Cricetomys gambianus	Gambian giant pouched rat
GCA_023101885.1	Typhlomys_cinereus__Soft-furred_tree_mouse__HLtypCin1__GCA_023101885.1	Typhlomys cinereus	Soft-furred tree mouse
GCA_035773235.1	Eospalax_fontanierii__Chinese_zokor__HLeosFon1__GCA_035773235.1	Eospalax fontanierii	Chinese zokor
GCA_049190835.1	Myospalax_aspalax__False_zokor__HLmyoAspa1__GCA_049190835.1	Myospalax aspalax	False zokor
GCA_049190895.1	Myospalax_psilurus__Transbaikal_zokor__HLmyoPsil1__GCA_049190895.1	Myospalax psilurus	Transbaikal zokor
GCA_009823505.1	Rhizomys_pruinosus__hoary_bamboo_rat__HLrhiPru1__GCA_009823505.1	Rhizomys pruinosus	hoary bamboo rat
GCF_000622305.1	Nannospalax_galili__Upper_Galilee_mountains_blind_mole_rat__nanGal1__GCF_000622305.1	Nannospalax galili	Upper Galilee mountains blind mole rat
GCA_004027875.1	Aplodontia_rufa__mountain_beaver__HLaplRuf1__GCA_004027875.1	Aplodontia rufa	mountain beaver
GCA_004027185.1	Glis_glis__Fat_dormouse__HLgliGli1__GCA_004027185.1	Glis glis	Fat dormouse
GCA_004027655.1	Graphiurus_murinus__woodland_dormouse__HLgraMur1__GCA_004027655.1	Graphiurus murinus	woodland dormouse
GCA_051143605.1	Eliomys_quercinus__garden_dormouse__HLeliQue1A__GCA_051143605.1	Eliomys quercinus	garden dormouse
GCA_051143595.1	Eliomys_quercinus__garden_dormouse__HLeliQue1B__GCA_051143595.1	Eliomys quercinus	garden dormouse
GCA_004027005.1	Muscardinus_avellanarius__hazel_dormouse__HLmusAve1__GCA_004027005.1	Muscardinus avellanarius	hazel dormouse
GCA_963383645.1	Muscardinus_avellanarius__Hazel_dormouse__HLmusAvel2__GCA_963383645.1	Muscardinus avellanarius	Hazel dormouse
GCA_020662805.1	Glaucomys_volans__southern_flying_squirrel__HLglaVol1__GCA_020662805.1	Glaucomys volans	southern flying squirrel
GCA_051107445.1	Pteromys_volans__Siberian_flying_squirrel__HLpteVola1__GCA_051107445.1	Pteromys volans	Siberian flying squirrel
GCA_020004445.1	Sciurus_carolinensis__gray_squirrel__HLneoCar1__GCA_020004445.1	Sciurus carolinensis	gray squirrel
GCA_902686445.1	Sciurus_carolinensis__gray_squirrel__HLsciCar1__GCA_902686445.1	Sciurus carolinensis	gray squirrel
GCA_020740815.1	Sciurus_niger__fox_squirrel__HLsciNig1__GCA_020740815.1	Sciurus niger	fox squirrel
GCA_902686455.1	Sciurus_vulgaris__Eurasian_red_squirrel__HLsciVul1__GCA_902686455.1	Sciurus vulgaris	Eurasian red squirrel
GCA_057657825.1	Tamiasciurus_hudsonicus__American_red_squirrel__HLtamHuds1__GCA_057657825.1	Tamiasciurus hudsonicus	American red squirrel
GCA_048772815.1	Callospermophilus_lateralis__Golden-mantled_ground_squirrel__HLcalLat1A__GCA_048772815.1	Callospermophilus lateralis	Golden-mantled ground squirrel
GCA_048772825.1	Callospermophilus_lateralis__Golden-mantled_ground_squirrel__HLcalLat1B__GCA_048772825.1	Callospermophilus lateralis	Golden-mantled ground squirrel
GCA_011316645.1	Cynomys_gunnisoni__Gunnisons_prairie_dog__HLcynGun1__GCA_011316645.1	Cynomys gunnisoni	Gunnisons prairie dog
GCA_052576455.1	Cynomys_ludovicianus__Black-tailed_prairie_dog__HLcynLudo1__GCA_052576455.1	Cynomys ludovicianus	Black-tailed prairie dog
GCF_016881025.1	Ictidomys_tridecemlineatus__thirteen-lined_ground_squirrel__HLictTri2__GCF_016881025.1	Ictidomys tridecemlineatus	thirteen-lined ground squirrel
GCA_052094955.1	Ictidomys_tridecemlineatus__Thirteen-lined_ground_squirrel__HLictTrid4A__GCA_052094955.1	Ictidomys tridecemlineatus	Thirteen-lined ground squirrel
GCA_052094965.1	Ictidomys_tridecemlineatus__Thirteen-lined_ground_squirrel__HLictTrid4B__GCA_052094965.1	Ictidomys tridecemlineatus	Thirteen-lined ground squirrel
GCA_003676075.2	Marmota_flaviventris__yellow-bellied_marmot__HLmarFla1__GCA_003676075.2	Marmota flaviventris	yellow-bellied marmot
GCF_047511675.1	Marmota_flaviventris__Yellow-bellied_marmot__HLmarFlav2A__GCF_047511675.1	Marmota flaviventris	Yellow-bellied marmot
GCA_047512175.1	Marmota_flaviventris__Yellow-bellied_marmot__HLmarFlav2B__GCA_047512175.1	Marmota flaviventris	Yellow-bellied marmot
GCA_005280165.1	Marmota_himalayana__Himalayan_marmot__HLmarHim1__GCA_005280165.1	Marmota himalayana	Himalayan marmot
GCA_056512325.1	Marmota_himalayana__Himalayan_marmot__HLmarHima2__GCA_056512325.1	Marmota himalayana	Himalayan marmot
GCA_021218885.1	Marmota_monax__woodchuck__HLmarMon3__GCA_021218885.1	Marmota monax	woodchuck
GCA_005458795.1	Marmota_vancouverensis__Vancouver_marmot__HLmarVan1__GCA_005458795.1	Marmota vancouverensis	Vancouver marmot
GCA_040207255.1	Marmota_vancouverensis__Vancouver_Island_marmot__HLmarVanc2__GCA_040207255.1	Marmota vancouverensis	Vancouver Island marmot
GCA_001458135.1	Marmota_marmota_marmota__Alpine_marmot__HLmarMar1__GCA_001458135.1	Marmota marmota marmota	Alpine marmot
GCA_051821045.1	Otospermophilus_beecheyi__California_ground_squirrel__HLotoBeec1__GCA_051821045.1	Otospermophilus beecheyi	California ground squirrel
GCA_964194105.1	Spermophilus_citellus__European_suslik__HLspeCit1__GCA_964194105.1	Spermophilus citellus	European suslik
GCA_002406435.1	Spermophilus_dauricus__Daurian_ground_squirrel__HLspeDau1__GCA_002406435.1	Spermophilus dauricus	Daurian ground squirrel
GCA_025594165.1	Tamias_sibiricus__Siberian_chipmunk__HLtamSib1__GCA_025594165.1	Tamias sibiricus	Siberian chipmunk
GCA_047496905.1	Tamias_sibiricus__Siberian_chipmunk__HLtamSibi2__GCA_047496905.1	Tamias sibiricus	Siberian chipmunk
GCA_003426925.1	Urocitellus_parryii__Arctic_ground_squirrel__HLuroPar1__GCA_003426925.1	Urocitellus parryii	Arctic ground squirrel
GCA_045843805.1	Urocitellus_parryii__Arctic_ground_squirrel__HLuroPar2A__GCA_045843805.1	Urocitellus parryii	Arctic ground squirrel
GCA_045843765.1	Urocitellus_parryii__Arctic_ground_squirrel__HLuroPar2B__GCA_045843765.1	Urocitellus parryii	Arctic ground squirrel
GCA_004024805.1	Xerus_inauris__South_African_ground_squirrel__HLxerIna1__GCA_004024805.1	Xerus inauris	South African ground squirrel
GCA_028644305.1	Xerus_rutilus__unstriped_ground_squirrel__HLxerRut1__GCA_028644305.1	Xerus rutilus	unstriped ground squirrel
DNA Zoo Consortium	Allenopithecus_nigroviridis__Allens_swamp_monkey__HLallNig1	Allenopithecus nigroviridis	Allens swamp monkey
GCF_000955945.1	Cercocebus_atys__sooty_mangabey__cerAty1__GCF_000955945.1	Cercocebus atys	sooty mangabey
GCA_023783535.1	Cercopithecus_albogularis__Sykes_monkey__HLcerAlb1__GCA_023783535.1	Cercopithecus albogularis	Sykes monkey
DNA Zoo Consortium	Cercopithecus_mitis__blue_monkey__HLcerMit1	Cercopithecus mitis	blue monkey
GCA_014849445.1	Cercopithecus_mona__Mona_monkey__HLcerMon1__GCA_014849445.1	Cercopithecus mona	Mona monkey
GCA_004027615.1	Cercopithecus_neglectus__De_Brazzas_monkey__HLcerNeg1__GCA_004027615.1	Cercopithecus neglectus	De Brazzas monkey
GCA_963574685.1	Cercopithecus_neglectus__De_Brazzas_monkey__HLcerNegl2__GCA_963574685.1	Cercopithecus neglectus	De Brazzas monkey
GCA_023783515.1	Chlorocebus_aethiops__grivet__HLchlAet1__GCA_023783515.1	Chlorocebus aethiops	grivet
GCF_015252025.1	Chlorocebus_sabaeus__green_monkey__HLchlSab3__GCF_015252025.1	Chlorocebus sabaeus	green monkey
GCF_047675955.1	Chlorocebus_sabaeus__Green_monkey__HLchlSaba4A__GCF_047675955.1	Chlorocebus sabaeus	Green monkey
GCA_023783455.1	Erythrocebus_patas__red_guenon__HLeryPat3__GCA_023783455.1	Erythrocebus patas	red guenon
GCA_023783235.1	Lophocebus_aterrimus__Black_crested_mangabey__HLlopAte1__GCA_023783235.1	Lophocebus aterrimus	Black crested mangabey
GCA_021188215.1	Macaca_arctoides__stump-tailed_macaque__HLmacArc1__GCA_021188215.1	Macaca arctoides	stump-tailed macaque
GCA_023783095.1	Macaca_assamensis__Assam_macaque__HLmacAss1__GCA_023783095.1	Macaca assamensis	Assam macaque
GCA_026956025.1	Macaca_cyclopis__Taiwan_macaque__HLmacCyc1__GCA_026956025.1	Macaca cyclopis	Taiwan macaque
GCF_012559485.2	Macaca_fascicularis__crab-eating_macaque__HLmacFas7__GCF_012559485.2	Macaca fascicularis	crab-eating macaque
GCF_037993035.1	Macaca_fascicularis__Crab-eating_macaque__HLmacFas8__GCF_037993035.1	Macaca fascicularis	Crab-eating macaque
DNA Zoo Consortium	Macaca_fuscata__Japanese_macaque__HLmacFus1	Macaca fuscata	Japanese macaque
GCF_049350105.2	Macaca_mulatta__Rhesus_monkey__HLmacMula11__GCF_049350105.2	Macaca mulatta	Rhesus monkey
GCF_043159975.1	Macaca_nemestrina__Pig-tailed_macaque__HLmacNeme2A__GCF_043159975.1	Macaca nemestrina	Pig-tailed macaque
GCA_928851695.1	Macaca_nigra__Celebes_crested_macaque__HLmacNir1__GCA_928851695.1	Macaca nigra	Celebes crested macaque
GCA_023807365.1	Macaca_silenus__liontail_macaque__HLmacSil1__GCA_023807365.1	Macaca silenus	liontail macaque
GCF_000956065.1	Macaca_nemestrina__pig-tailed_macaque__macNem1__GCF_000956065.1	Macaca nemestrina	pig-tailed macaque
GCF_003339765.1	Macaca_mulatta__Rhesus_monkey__rheMac10__GCF_003339765.1	Macaca mulatta	Rhesus monkey
GCF_024542745.1	Macaca_thibetana_thibetana__Pere_Davids_macaque__HLmacThiThi1__GCF_024542745.1	Macaca thibetana thibetana	Pere Davids macaque
GCA_023783495.1	Mandrillus_leucophaeus__drill__HLmanLeu2__GCA_023783495.1	Mandrillus leucophaeus	drill
DNA Zoo Consortium	Mandrillus_sphinx__mandrill__HLmanSph2	Mandrillus sphinx	mandrill
GCA_023783085.1	Mandrillus_sphinx__mandrill__HLmanSph3__GCA_023783085.1	Mandrillus sphinx	mandrill
DNA Zoo Consortium	Miopithecus_talapoin__talapoin__HLmioTal1	Miopithecus talapoin	talapoin
GCA_008728515.1	Papio_anubis__olive_baboon__HLpapAnu5__GCA_008728515.1	Papio anubis	olive baboon
GCA_008728515.2	Papio_anubis__olive_baboon__HLpapAnu6__GCA_008728515.2	Papio anubis	olive baboon
GCA_023781915.1	Papio_hamadryas__hamadryas_baboon__HLpapHam2__GCA_023781915.1	Papio hamadryas	hamadryas baboon
DNA Zoo Consortium	Papio_papio__Guinea_baboon__HLpapPap1	Papio papio	Guinea baboon
GCA_003255815.1	Theropithecus_gelada__gelada__HLtheGel1__GCA_003255815.1	Theropithecus gelada	gelada
GCA_021498455.1	Colobus_guereza__mantled_guereza__HLcolGue1__GCA_021498455.1	Colobus guereza	mantled guereza
GCA_030247045.1	Colobus_guereza__Mantled_guereza__HLcolGuer2__GCA_030247045.1	Colobus guereza	Mantled guereza
GCF_000951035.1	Colobus_angolensis_palliatus__Angolan_colobus__colAng1__GCF_000951035.1	Colobus angolensis palliatus	Angolan colobus
GCA_047834645.1	Nasalis_larvatus__Proboscis_monkey__HLnasLarv2__GCA_047834645.1	Nasalis larvatus	Proboscis monkey
GCA_000772465.1	Nasalis_larvatus__proboscis_monkey__nasLar1__GCA_000772465.1	Nasalis larvatus	proboscis monkey
GCA_002776525.3	Piliocolobus_tephrosceles__Ugandan_red_Colobus__HLpilTep2__GCA_002776525.3	Piliocolobus tephrosceles	Ugandan red Colobus
GCA_004024825.1	Pygathrix_nemaeus__Red_shanked_douc_langur__HLpygNem1__GCA_004024825.1	Pygathrix nemaeus	Red shanked douc langur
GCA_023764695.1	Pygathrix_nigripes__Black-shanked_douc_langur__HLpygNig1__GCA_023764695.1	Pygathrix nigripes	Black-shanked douc langur
https://ngdc.cncb.ac.cn/gwh/Assembly/24510/show	Rhinopithecus_bieti__Black-and-white_snub-nosed_monkey__HLrhiBiet3	Rhinopithecus bieti	Black-and-white snub-nosed monkey
GCA_007565055.1	Rhinopithecus_roxellana__golden_snub-nosed_monkey__HLrhiRox2__GCA_007565055.1	Rhinopithecus roxellana	golden snub-nosed monkey
GCA_023764705.1	Rhinopithecus_strykeri__Burmese_snub-nosed_monkey__HLrhiStr1__GCA_023764705.1	Rhinopithecus strykeri	Burmese snub-nosed monkey
GCF_001698545.1	Rhinopithecus_bieti__black_snub-nosed_monkey__rhiBie1__GCF_001698545.1	Rhinopithecus bieti	black snub-nosed monkey
GCA_004025065.1	Semnopithecus_entellus__Hanuman_langur__HLsemEnt1__GCA_004025065.1	Semnopithecus entellus	Hanuman langur
GCA_009764315.1	Trachypithecus_francoisi__Francoiss_langur__HLtraFra1__GCA_009764315.1	Trachypithecus francoisi	Francoiss langur
GCA_047047975.1	Trachypithecus_germaini__Indochinese_lutung__HLtraGer1__GCA_047047975.1	Trachypithecus germaini	Indochinese lutung
GCA_054345695.1	Trachypithecus_shortridgei__Shortridges_langur__HLtraShor1__GCA_054345695.1	Trachypithecus shortridgei	Shortridges langur
GCA_023762245.1	Trachypithecus_phayrei_crepuscula__Phayres_leaf_monkey__HLtraPhaCre1__GCA_023762245.1	Trachypithecus phayrei crepuscula	Phayres leaf monkey
GCA_963575185.1	Gorilla_beringei__Eastern_gorilla__HLgorBer1__GCA_963575185.1	Gorilla beringei	Eastern gorilla
GCA_029281585.3	Gorilla_gorilla__western_gorilla__HLgorGor7__GCA_029281585.3	Gorilla gorilla	western gorilla
GCF_008122165.1	Gorilla_gorilla_gorilla__western_lowland_gorilla__gorGor6__GCF_008122165.1	Gorilla gorilla gorilla	western lowland gorilla
GCF_000001405.38	Homo_sapiens__human__hg38__GCF_000001405.38	Homo sapiens	human
GCA_029289425.3	Pan_paniscus__pygmy_chimpanzee__HLpanPan4__GCA_029289425.3	Pan paniscus	pygmy chimpanzee
GCA_028858775.2	Pan_troglodytes__chimpanzee__HLpanTro7__GCA_028858775.2	Pan troglodytes	chimpanzee
GCF_002880755.1	Pan_troglodytes__chimpanzee__panTro6__GCF_002880755.1	Pan troglodytes	chimpanzee
GCA_028885655.2	Pongo_abelii__Sumatran_orangutan__HLponAbe4__GCA_028885655.2	Pongo abelii	Sumatran orangutan
GCA_023767775.1	Pongo_pygmaeus__Bornean_orangutan__HLponPyg1__GCA_023767775.1	Pongo pygmaeus	Bornean orangutan
GCA_028885625.2	Pongo_pygmaeus__Bornean_orangutan__HLponPyg2__GCA_028885625.2	Pongo pygmaeus	Bornean orangutan
GCF_002880775.1	Pongo_abelii__Sumatran_orangutan__ponAbe3__GCF_002880775.1	Pongo abelii	Sumatran orangutan
GCA_023748175.1	Hoolock_leuconedys__eastern_hoolock_gibbon__HLhooLeu1__GCA_023748175.1	Hoolock leuconedys	eastern hoolock gibbon
DNA Zoo Consortium	Hylobates_agilis__agile_gibbon__HLhylAgi1	Hylobates agilis	agile gibbon
GCA_009828535.2	Hylobates_moloch__silvery_gibbon__HLhylMol2__GCA_009828535.2	Hylobates moloch	silvery gibbon
GCA_021498465.1	Hylobates_pileatus__pileated_gibbon__HLhylPil1__GCA_021498465.1	Hylobates pileatus	pileated gibbon
GCA_006542625.1	Nomascus_leucogenys__northern_white-cheeked_gibbon__HLnomLeu4__GCA_006542625.1	Nomascus leucogenys	northern white-cheeked gibbon
GCA_040113115.1	Nomascus_leucogenys__Northern_white-cheeked_gibbon__HLnomLeuc5__GCA_040113115.1	Nomascus leucogenys	Northern white-cheeked gibbon
GCA_023783065.1	Nomascus_siki__southern_white-cheeked_gibbon__HLnomSik1__GCA_023783065.1	Nomascus siki	southern white-cheeked gibbon
GCF_028878055.1	Symphalangus_syndactylus__siamang__HLsymSyn3__GCF_028878055.1	Symphalangus syndactylus	siamang
GCA_028878055.3	Symphalangus_syndactylus__siamang__HLsymSyn4__GCA_028878055.3	Symphalangus syndactylus	siamang
GCF_000952055.2	Aotus_nancymaae__Mas_night_monkey__aotNan1__GCF_000952055.2	Aotus nancymaae	Mas night monkey
GCA_963575295.1	Alouatta_caraya__Black_howler_monkey__HLaloCara1__GCA_963575295.1	Alouatta caraya	Black howler monkey
GCA_004027835.1	Alouatta_palliata__mantled_howler_monkey__HLaloPal1__GCA_004027835.1	Alouatta palliata	mantled howler monkey
GCA_963573605.1	Ateles_belzebuth__White-bellied_spider_monkey__HLateBel1__GCA_963573605.1	Ateles belzebuth	White-bellied spider monkey
GCA_963574935.1	Ateles_chamek__Black_spider_monkey__HLateCha1__GCA_963574935.1	Ateles chamek	Black spider monkey
GCA_036589455.2	Ateles_fusciceps__Brown-headed_spider_monkey__HLateFus1__GCA_036589455.2	Ateles fusciceps	Brown-headed spider monkey
GCA_004024785.1	Ateles_geoffroyi__black-handed_spider_monkey__HLateGeo1__GCA_004024785.1	Ateles geoffroyi	black-handed spider monkey
GCA_023783555.1	Ateles_geoffroyi__black-handed_spider_monkey__HLateGeo2__GCA_023783555.1	Ateles geoffroyi	black-handed spider monkey
GCA_916098195.1	Ateles_hybridus__brown_spider_monkey__HLateHyb1__GCA_916098195.1	Ateles hybridus	brown spider monkey
GCA_963573555.1	Ateles_marginatus__White-cheeked_spider_monkey__HLateMar1__GCA_963573555.1	Ateles marginatus	White-cheeked spider monkey
GCA_963573985.1	Ateles_paniscus__Red-faced_black_spider_monkey__HLatePan1__GCA_963573985.1	Ateles paniscus	Red-faced black spider monkey
GCA_047496155.1	Brachyteles_arachnoides__Woolly_spider_monkey__HLbraAra1__GCA_047496155.1	Brachyteles arachnoides	Woolly spider monkey
GCA_049997475.1	Brachyteles_hypoxanthus__Northern_muriqui__HLbraHypo1__GCA_049997475.1	Brachyteles hypoxanthus	Northern muriqui
GCA_963574225.1	Lagothrix_lagotricha__Brown_woolly_monkey__HLlagLag1__GCA_963574225.1	Lagothrix lagotricha	Brown woolly monkey
DNA Zoo Consortium	Callimico_goeldii__Goeldis_marmoset__HLcalGoe1	Callimico goeldii	Goeldis marmoset
GCF_011100555.1	Callithrix_jacchus__white-tufted-ear_marmoset__HLcalJac5__GCF_011100555.1	Callithrix jacchus	white-tufted-ear marmoset
GCA_049354715.1	Callithrix_jacchus__White-tufted-ear_marmoset__HLcalJacc6__GCA_049354715.1	Callithrix jacchus	White-tufted-ear marmoset
GCA_046862485.1	Callithrix_penicillata__Black-pencilled_marmoset__HLcalPen1__GCA_046862485.1	Callithrix penicillata	Black-pencilled marmoset
GCF_009663435.1	Callithrix_jacchus__white-tufted-ear_marmoset__calJac4__GCF_009663435.1	Callithrix jacchus	white-tufted-ear marmoset
DNA Zoo Consortium	Cebuella_pygmaea__pygmy_marmoset__HLcalPym1	Cebuella pygmaea	pygmy marmoset
DNA Zoo Consortium	Leontopithecus_chrysomelas__golden-headed_lion_tamarin__HLleoChr1	Leontopithecus chrysomelas	golden-headed lion tamarin
DNA Zoo Consortium	Leontopithecus_rosalia__golden_lion_tamarin__HLleoRos1	Leontopithecus rosalia	golden lion tamarin
GCA_054824895.1	Leontopithecus_rosalia__Golden_lion_tamarin__HLleoRosa2A__GCA_054824895.1	Leontopithecus rosalia	Golden lion tamarin
GCA_004024885.1	Saguinus_imperator__tamarin__HLsagImp1__GCA_004024885.1	Saguinus imperator	tamarin
GCA_021498475.1	Saguinus_midas__Midas_tamarin__HLsagMid1__GCA_021498475.1	Saguinus midas	Midas tamarin
GCA_031835075.1	Saguinus_oedipus__Cotton-top_tamarin__HLsagOed1__GCA_031835075.1	Saguinus oedipus	Cotton-top tamarin
GCA_023783575.1	Cebus_albifrons__white-fronted_capuchin__HLcebAlb2__GCA_023783575.1	Cebus albifrons	white-fronted capuchin
GCF_001604975.1	Cebus_imitator__white-faced_sapajou__cebCap1__GCF_001604975.1	Cebus imitator	white-faced sapajou
GCA_009761245.1	Sapajus_apella__Tufted_capuchin__HLsapApe1__GCA_009761245.1	Sapajus apella	Tufted capuchin
GCA_023762875.2	Sapajus_apella__tufted_capuchin__HLsapApe3__GCA_023762875.2	Sapajus apella	tufted capuchin
GCA_048565385.1	Saimiri_boliviensis__Bolivian_squirrel_monkey__HLsaiBoli4__GCA_048565385.1	Saimiri boliviensis	Bolivian squirrel monkey
GCA_963573345.1	Saimiri_sciureus__Common_squirrel_monkey__HLsaiSci1__GCA_963573345.1	Saimiri sciureus	Common squirrel monkey
GCF_016699345.1	Saimiri_boliviensis_boliviensis__Bolivian_squirrel_monkey__HLsaiBolBol2__GCF_016699345.1	Saimiri boliviensis boliviensis	Bolivian squirrel monkey
GCF_016699345.2	Saimiri_boliviensis_boliviensis__Bolivian_squirrel_monkey__HLsaiBolBol3__GCF_016699345.2	Saimiri boliviensis boliviensis	Bolivian squirrel monkey
GCA_963573755.1	Cheracebus_lucifer__Primates__HLcheLuc1__GCA_963573755.1	Cheracebus lucifer	Primates
GCA_963574535.1	Cheracebus_lugens__Black_titi__HLcheLug1__GCA_963574535.1	Cheracebus lugens	Black titi
GCA_963574635.1	Cheracebus_regulus__Jurua_collared_titi__HLcheReg1__GCA_963574635.1	Cheracebus regulus	Jurua collared titi
GCA_963574645.1	Cheracebus_torquatus__Collared_titi__HLcheTor1__GCA_963574645.1	Cheracebus torquatus	Collared titi
GCA_963574705.1	Plecturocebus_bernhardi__Prince_Bernhards_titi__HLpleBer1__GCA_963574705.1	Plecturocebus bernhardi	Prince Bernhards titi
GCA_963573885.1	Plecturocebus_brunneus__Brown_titi__HLpleBru1__GCA_963573885.1	Plecturocebus brunneus	Brown titi
GCA_963575255.1	Plecturocebus_caligatus__Chestnut-bellied_titi__HLpleCal1__GCA_963575255.1	Plecturocebus caligatus	Chestnut-bellied titi
GCA_963573415.1	Plecturocebus_cinerascens__Ashy_titi__HLpleCin1__GCA_963573415.1	Plecturocebus cinerascens	Ashy titi
GCA_040437455.1	Plecturocebus_cupreus__Coppery_titi__HLpleCup1__GCA_040437455.1	Plecturocebus cupreus	Coppery titi
GCA_004027715.1	Plecturocebus_donacophilus__Bolivian_titi__HLpleDon1__GCA_004027715.1	Plecturocebus donacophilus	Bolivian titi
GCA_963575235.1	Plecturocebus_dubius__Primates__HLpleDub1__GCA_963575235.1	Plecturocebus dubius	Primates
GCA_963574625.1	Plecturocebus_grovesi__Alta_Floresta_titi_monkey__HLpleGro1__GCA_963574625.1	Plecturocebus grovesi	Alta Floresta titi monkey
GCA_963575245.1	Plecturocebus_hoffmannsi__Hoffmanns_titi__HLpleHof1__GCA_963575245.1	Plecturocebus hoffmannsi	Hoffmanns titi
GCA_963575275.1	Plecturocebus_miltoni__Miltons_titi__HLpleMil1__GCA_963575275.1	Plecturocebus miltoni	Miltons titi
GCA_963574105.1	Plecturocebus_moloch__Red-bellied_titi__HLpleMol1__GCA_963574105.1	Plecturocebus moloch	Red-bellied titi
GCA_963573425.1	Cacajao_ayresi__Primates__HLcacAyr1__GCA_963573425.1	Cacajao ayresi	Primates
GCA_963573955.1	Cacajao_calvus__Bald_Uacari__HLcacCal1__GCA_963573955.1	Cacajao calvus	Bald Uacari
GCA_963573795.1	Cacajao_hosomi__Primates__HLcacHos1__GCA_963573795.1	Cacajao hosomi	Primates
GCA_963573385.1	Cacajao_melanocephalus__Black-headed_Uacari__HLcacMel1__GCA_963573385.1	Cacajao melanocephalus	Black-headed Uacari
GCA_963573965.1	Chiropotes_israelita__Primates__HLchiIsr1__GCA_963573965.1	Chiropotes israelita	Primates
GCA_963574175.1	Chiropotes_sagulatus__Primates__HLchiSag1__GCA_963574175.1	Chiropotes sagulatus	Primates
GCA_963574975.1	Pithecia_mittermeieri__Mittermeiers_Tapajos_saki__HLpitMit1__GCA_963574975.1	Pithecia mittermeieri	Mittermeiers Tapajos saki
GCA_004026645.1	Pithecia_pithecia__white-faced_saki__HLpitPit1__GCA_004026645.1	Pithecia pithecia	white-faced saki
GCA_023779675.1	Pithecia_pithecia__white-faced_saki__HLpitPit2__GCA_023779675.1	Pithecia pithecia	white-faced saki
GCA_963574005.1	Pithecia_vanzolinii__Vanzolinis_bald-faced_saki__HLpitVan1__GCA_963574005.1	Pithecia vanzolinii	Vanzolinis bald-faced saki
GCF_000164805.1	Carlito_syrichta__Philippine_tarsier__tarSyr2__GCF_000164805.1	Carlito syrichta	Philippine tarsier
GCA_027257055.1	Cephalopachus_bancanus__Horsfields_tarsier__HLcepBan1__GCA_027257055.1	Cephalopachus bancanus	Horsfields tarsier
GCA_004027145.1	Daubentonia_madagascariensis__aye-aye__HLdauMad1__GCA_004027145.1	Daubentonia madagascariensis	aye-aye
GCA_023783475.1	Daubentonia_madagascariensis__aye-aye__HLdauMad2__GCA_023783475.1	Daubentonia madagascariensis	aye-aye
GCA_008086735.1	Cheirogaleus_medius__Lesser_dwarf_lemur__HLcheMed1__GCA_008086735.1	Cheirogaleus medius	Lesser dwarf lemur
GCA_008750995.1	Microcebus_griseorufus__Reddish-gray_mouse_lemur__HLmicGri1__GCA_008750995.1	Microcebus griseorufus	Reddish-gray mouse lemur
GCA_008750955.1	Microcebus_lehilahytsara__Mittermeiers_mouse_lemur__HLmicMit1__GCA_008750955.1	Microcebus lehilahytsara	Mittermeiers mouse lemur
GCF_040939455.1	Microcebus_murinus__Gray_mouse_lemur__HLmicMuri4A__GCF_040939455.1	Microcebus murinus	Gray mouse lemur
GCA_008750975.1	Microcebus_ravelobensis__Golden_brown_mouse_lemur__HLmicRav1__GCA_008750975.1	Microcebus ravelobensis	Golden brown mouse lemur
GCA_008750915.1	Microcebus_sp._3_GT-2019__unclassified_mouse_lemur__HLmicSpe31__GCA_008750915.1	Microcebus sp. 3 GT-2019	unclassified mouse lemur
GCA_008750935.1	Microcebus_tavaratra__Northern_rufous_mouse_lemur__HLmicTav1__GCA_008750935.1	Microcebus tavaratra	Northern rufous mouse lemur
GCF_000165445.2	Microcebus_murinus__gray_mouse_lemur__micMur3__GCF_000165445.2	Microcebus murinus	gray mouse lemur
GCA_004024645.1	Mirza_coquereli__Coquerels_mouse_lemur__HLmirCoq1__GCA_004024645.1	Mirza coquereli	Coquerels mouse lemur
GCA_008750895.1	Mirza_zaza__Northern_giant_mouse_lemur__HLmirZaz1__GCA_008750895.1	Mirza zaza	Northern giant mouse lemur
GCA_004363605.1	Indri_indri__Indri__HLindInd1__GCA_004363605.1	Indri indri	Indri
DNA Zoo Consortium	Propithecus_coquereli__Coquerels_sifaka__HLproCoq2	Propithecus coquereli	Coquerels sifaka
GCA_963574965.1	Eulemur_coronatus__Crowned_lemur__HLeulCoro1__GCA_963574965.1	Eulemur coronatus	Crowned lemur
DNA Zoo Consortium	Eulemur_flavifrons__Sclaters_lemur__HLeulFla1	Eulemur flavifrons	Sclaters lemur
GCA_004027275.1	Eulemur_fulvus__brown_lemur__HLeulFul1__GCA_004027275.1	Eulemur fulvus	brown lemur
DNA Zoo Consortium	Eulemur_mongoz__mongoose_lemur__HLeulMon1	Eulemur mongoz	mongoose lemur
GCA_041146395.1	Eulemur_rufifrons__Bennetts_brown_lemur__HLeulRuf1__GCA_041146395.1	Eulemur rufifrons	Bennetts brown lemur
GCA_001262655.1	Eulemur_macaco__black_lemur__eulMac1__GCA_001262655.1	Eulemur macaco	black lemur
DNA Zoo Consortium	Eulemur_fulvus_collaris__brown_lemur__HLeulCol1	Eulemur fulvus collaris	brown lemur
GCA_963574485.1	Hapalemur_alaotrensis__Lac_Alaotra_bamboo_lemur__HLhapAlao1__GCA_963574485.1	Hapalemur alaotrensis	Lac Alaotra bamboo lemur
GCA_004024665.1	Lemur_catta__Ring-tailed_lemur__HLlemCat1__GCA_004024665.1	Lemur catta	Ring-tailed lemur
GCF_020740605.2	Lemur_catta__Ring-tailed_lemur__HLlemCat2__GCF_020740605.2	Lemur catta	Ring-tailed lemur
GCA_003258685.1	Prolemur_simus__greater_bamboo_lemur__HLproSim1__GCA_003258685.1	Prolemur simus	greater bamboo lemur
GCA_028533085.1	Varecia_variegata__ruffed_lemur__HLvarVar1__GCA_028533085.1	Varecia variegata	ruffed lemur
GCA_023783435.1	Galago_moholi__Moholi_bushbaby__HLgalMoh1__GCA_023783435.1	Galago moholi	Moholi bushbaby
GCA_963575145.1	Galago_senegalensis__Senegal_galago__HLgalSen1__GCA_963575145.1	Galago senegalensis	Senegal galago
DNA Zoo Consortium	Otolemur_crassicaudatus__thick-tailed_bush_baby__HLotoCra1	Otolemur crassicaudatus	thick-tailed bush baby
GCF_000181295.1	Otolemur_garnettii__small-eared_galago__otoGar3__GCF_000181295.1	Otolemur garnettii	small-eared galago
GCA_023783135.1	Loris_tardigradus__slender_loris__HLlorTar1__GCA_023783135.1	Loris tardigradus	slender loris
GCA_023898255.1	Nycticebus_bengalensis__Bengal_slow_loris__HLnycBen1__GCA_023898255.1	Nycticebus bengalensis	Bengal slow loris
GCF_027406575.1	Nycticebus_coucang__slow_loris__HLnycCou2__GCF_027406575.1	Nycticebus coucang	slow loris
ngdc.cncb.ac.cn/bioproject/browse/PRJCA003786	Xanthonycticebus_pygmaeus__pygmy_slow_loris__HLxanPyg1	Xanthonycticebus pygmaeus	pygmy slow loris
GCA_033439345.1	Tupaia_chinensis__Chinese_tree_shrew__HLtupChi2__GCA_033439345.1	Tupaia chinensis	Chinese tree shrew
GCA_026018925.1	Tupaia_tana__large_tree_shrew__HLtupTan1__GCA_026018925.1	Tupaia tana	large tree shrew
GCA_007570785.1	Antilocapra_americana__pronghorn__HLantAme1__GCA_007570785.1	Antilocapra americana	pronghorn
GCA_006408695.1	Aepyceros_melampus__impala__HLaepMel1__GCA_006408695.1	Aepyceros melampus	impala
GCA_004027495.1	Beatragus_hunteri__Hirola__HLbeaHun1__GCA_004027495.1	Beatragus hunteri	Hirola
DNA Zoo Consortium	Connochaetes_taurinus__brindled_gnu__HLconTau2	Connochaetes taurinus	brindled gnu
GCA_006408505.1	Damaliscus_lunatus__topi__HLdamLun1__GCA_006408505.1	Damaliscus lunatus	topi
GCA_006408585.1	Antidorcas_marsupialis__springbok__HLantMar1__GCA_006408585.1	Antidorcas marsupialis	springbok
GCA_006408755.1	Eudorcas_thomsonii__Thomsons_gazelle__HLeudTho1__GCA_006408755.1	Eudorcas thomsonii	Thomsons gazelle
DNA Zoo Consortium	Litocranius_walleri__gerenuk__HLlitWal2	Litocranius walleri	gerenuk
GCA_006408675.1	Madoqua_kirkii__Kirks_dik-dik__HLmadKir1__GCA_006408675.1	Madoqua kirkii	Kirks dik-dik
GCA_917880005.1	Nanger_dama__Dama_gazelle__HLnanDam2__GCA_917880005.1	Nanger dama	Dama gazelle
GCA_006408635.1	Nanger_granti__Grants_gazelle__HLnanGra1__GCA_006408635.1	Nanger granti	Grants gazelle
DNA Zoo Consortium	Nanger_dama_ruficollis__Dama_gazelle__HLnanDamRuf3	Nanger dama ruficollis	Dama gazelle
GCA_006410615.1	Neotragus_moschatus__suni__HLneoMos1__GCA_006410615.1	Neotragus moschatus	suni
GCA_006410875.1	Neotragus_pygmaeus__royal_antelope__HLneoPyg1__GCA_006410875.1	Neotragus pygmaeus	royal antelope
GCA_006410675.1	Oreotragus_oreotragus__klipspringer__HLoreOre1__GCA_006410675.1	Oreotragus oreotragus	klipspringer
GCA_040182635.1	Pantholops_hodgsonii__Chiru__HLpanHodg2__GCA_040182635.1	Pantholops hodgsonii	Chiru
GCF_000400835.1	Pantholops_hodgsonii__chiru__panHod1__GCF_000400835.1	Pantholops hodgsonii	chiru
GCA_006410515.1	Procapra_przewalskii__Przewalskis_gazelle__HLproPrz1__GCA_006410515.1	Procapra przewalskii	Przewalskis gazelle
GCA_006410735.1	Raphicerus_campestris__steenbok__HLrapCam1__GCA_006410735.1	Raphicerus campestris	steenbok
GCA_004024985.1	Saiga_tatarica__saiga_antelope__HLsaiTat1__GCA_004024985.1	Saiga tatarica	saiga antelope
GCA_963879515.1	Bison_bonasus__European_bison__HLbisBon1__GCA_963879515.1	Bison bonasus	European bison
DNA Zoo Consortium	Bison_bison_bison__American_bison__HLbisBisBis2	Bison bison bison	American bison
GCA_007844835.1	Bos_frontalis__gayal__HLbosFro1__GCA_007844835.1	Bos frontalis	gayal
GCA_014182915.1	Bos_gaurus__gaur__HLbosGau1__GCA_014182915.1	Bos gaurus	gaur
GCA_005887515.2	Bos_grunniens__domestic_yak__HLbosGru1__GCA_005887515.2	Bos grunniens	domestic yak
GCA_055505025.1	Bos_grunniens__Domestic_yak__HLbosGrun2__GCA_055505025.1	Bos grunniens	Domestic yak
GCA_002933975.1	Bos_indicus__zebu_cattle__HLbosInd2__GCA_002933975.1	Bos indicus	zebu cattle
GCF_029378745.1	Bos_indicus__Zebu_cattle__HLbosIndi3__GCF_029378745.1	Bos indicus	Zebu cattle
GCF_032452875.1	Bos_javanicus__banteng__HLbosJav1__GCF_032452875.1	Bos javanicus	banteng
GCA_007646595.3	Bos_mutus__wild_yak__HLbosMut2__GCA_007646595.3	Bos mutus	wild yak
GCF_002263795.3	Bos_taurus__cattle__HLbosTau10__GCF_002263795.3	Bos taurus	cattle
GCF_002263795.1	Bos_taurus__cattle__bosTau9__GCF_002263795.1	Bos taurus	cattle
GCA_003121395.1	Bubalus_bubalis__water_buffalo__HLbubBub2__GCA_003121395.1	Bubalus bubalis	water buffalo
GCA_025584935.1	Bubalus_depressicornis__lowland_anoa__HLbubDep1__GCA_025584935.1	Bubalus depressicornis	lowland anoa
GCF_029407905.1	Bubalus_kerabau__carabao__HLbubKer1__GCF_029407905.1	Bubalus kerabau	carabao
GCA_050436925.1	Pseudoryx_nghetinhensis__Saola__HLpseNghe1__GCA_050436925.1	Pseudoryx nghetinhensis	Saola
GCA_902500845.1	Syncerus_caffer__African_buffalo__HLsynCaf1__GCA_902500845.1	Syncerus caffer	African buffalo
GCA_006410775.1	Tragelaphus_imberbis__lesser_kudu__HLtraImb1__GCA_006410775.1	Tragelaphus imberbis	lesser kudu
GCA_006410495.1	Tragelaphus_scriptus__bushbuck__HLtraScr1__GCA_006410495.1	Tragelaphus scriptus	bushbuck
GCA_006410795.1	Tragelaphus_strepsiceros__greater_kudu__HLtraStr1__GCA_006410795.1	Tragelaphus strepsiceros	greater kudu
DNA Zoo Consortium	Tragelaphus_eurycerus_isaaci__mountain_bongo__HLtraEurIsa1	Tragelaphus eurycerus isaaci	mountain bongo
GCA_002201775.1	Ammotragus_lervia__aoudad__HLammLer1__GCA_002201775.1	Ammotragus lervia	aoudad
GCA_023091745.1	Budorcas_taxicolor__takin__HLbudTax1__GCA_023091745.1	Budorcas taxicolor	takin
GCA_000765075.1	Capra_aegagrus__wild_goat__HLcapAeg1__GCA_000765075.1	Capra aegagrus	wild goat
GCA_001704415.1	Capra_hircus__goat__HLcapHir2__GCA_001704415.1	Capra hircus	goat
GCA_041735815.1	Capra_hircus__Goat__HLcapHirc3__GCA_041735815.1	Capra hircus	Goat
GCA_006410555.1	Capra_ibex__Alpine_ibex__HLcapIbe1__GCA_006410555.1	Capra ibex	Alpine ibex
GCA_054642885.1	Capra_ibex__Alpine_ibex__HLcapIbex2__GCA_054642885.1	Capra ibex	Alpine ibex
GCA_054855995.1	Capra_nubiana__Nubian_ibex__HLcapNubi1A__GCA_054855995.1	Capra nubiana	Nubian ibex
GCA_003182615.2	Capra_sibirica__Siberian_ibex__HLcapSib1__GCA_003182615.2	Capra sibirica	Siberian ibex
GCF_032405125.1	Capricornis_sumatraensis__Sumatran_serow__HLcapSum1__GCF_032405125.1	Capricornis sumatraensis	Sumatran serow
GCA_004026825.1	Nilgiritragus_hylocrius__Nilgiri_tahr__HLhemHyl1__GCA_004026825.1	Nilgiritragus hylocrius	Nilgiri tahr
GCA_009758055.1	Oreamnos_americanus__mountain_goat__HLoreAme1__GCA_009758055.1	Oreamnos americanus	mountain goat
GCA_022533635.2	Ovibos_moschatus__muskox__HLoviMos1__GCA_022533635.2	Ovibos moschatus	muskox
GCA_003121645.1	Ovis_ammon__argali__HLoviAmm1__GCA_003121645.1	Ovis ammon	argali
GCF_016772045.2	Ovis_aries__sheep__HLoviAri6__GCF_016772045.2	Ovis aries	sheep
GCA_040805955.1	Ovis_aries__Sheep__HLoviArie7__GCA_040805955.1	Ovis aries	Sheep
GCA_004026945.1	Ovis_canadensis__bighorn_sheep__HLoviCan2__GCA_004026945.1	Ovis canadensis	bighorn sheep
GCF_042477335.2	Ovis_canadensis__Bighorn_sheep__HLoviCana3__GCF_042477335.2	Ovis canadensis	Bighorn sheep
GCA_014523465.1	Ovis_orientalis__Asiatic_mouflon__HLoviOri1__GCA_014523465.1	Ovis orientalis	Asiatic mouflon
GCA_053525375.1	Ovis_vignei__Urial__HLoviVign1__GCA_053525375.1	Ovis vignei	Urial
GCA_028583565.1	Ovis_ammon_polii__Argali__HLoviAmmoPol2__GCA_028583565.1	Ovis ammon polii	Argali
GCA_903231385.1	Ovis_nivicola_lydekkeri__snow_sheep__HLoviNivLyd1__GCA_903231385.1	Ovis nivicola lydekkeri	snow sheep
GCA_003182575.1	Pseudois_nayaur__Bharal__HLpseNaya1__GCA_003182575.1	Pseudois nayaur	Bharal
GCA_963981305.1	Rupicapra_rupicapra__Chamois__HLrupRup1__GCA_963981305.1	Rupicapra rupicapra	Chamois
GCA_054099735.1	Cephalophula_zebra__Zebra_duiker__HLcepZebr1A__GCA_054099735.1	Cephalophula zebra	Zebra duiker
GCA_006410635.1	Cephalophus_harveyi__Harveys_duiker__HLcepHar1__GCA_006410635.1	Cephalophus harveyi	Harveys duiker
GCA_006410695.1	Philantomba_maxwellii__Maxwells_duiker__HLphiMax1__GCA_006410695.1	Philantomba maxwellii	Maxwells duiker
GCA_006408735.1	Sylvicapra_grimmia__bush_duiker__HLsylGri1__GCA_006408735.1	Sylvicapra grimmia	bush duiker
GCA_019593525.1	Addax_nasomaculatus__Addax__HLaddNas1__GCA_019593525.1	Addax nasomaculatus	Addax
GCA_016433095.1	Hippotragus_equinus__roan_antelope__HLhipEqu1__GCA_016433095.1	Hippotragus equinus	roan antelope
DNA Zoo Consortium	Hippotragus_niger_niger__sable_antelope__HLhipNigNig2	Hippotragus niger niger	sable antelope
DNA Zoo Consortium	Oryx_dammah__scimitar-horned_oryx__HLoryDam1	Oryx dammah	scimitar-horned oryx
GCA_003945745.1	Oryx_gazella__gemsbok__HLoryGaz1__GCA_003945745.1	Oryx gazella	gemsbok
GCA_006410655.1	Kobus_ellipsiprymnus__waterbuck__HLkobEll1__GCA_006410655.1	Kobus ellipsiprymnus	waterbuck
GCA_014926565.1	Kobus_leche_leche__lechwe__HLkobLecLec1__GCA_014926565.1	Kobus leche leche	lechwe
GCA_006410935.1	Redunca_redunca__Bohar_reedbuck__HLredRed1__GCA_006410935.1	Redunca redunca	Bohar reedbuck
GCA_003798545.1	Axis_porcinus__Hog_deer__HLaxiPor1__GCA_003798545.1	Axis porcinus	Hog deer
GCA_054883215.1	Axis_porcinus__Hog_deer__HLaxiPorc2A__GCA_054883215.1	Axis porcinus	Hog deer
GCF_019320065.1	Cervus_canadensis__elk__HLcerCan1__GCF_019320065.1	Cervus canadensis	elk,wapiti
GCF_910594005.1	Cervus_elaphus__red_deer__HLcerEla2__GCF_910594005.1	Cervus elaphus	red deer
GCA_040085125.1	Cervus_nippon__Sika_deer__HLcerNip1__GCA_040085125.1	Cervus nippon	Sika deer
GCA_006408465.1	Cervus_albirostris__white-lipped_deer__HLprzAlb1__GCA_006408465.1	Cervus albirostris	white-lipped deer
GCA_046563475.1	Cervus_albirostris__White-lipped_deer__HLprzAlb2__GCA_046563475.1	Cervus albirostris	White-lipped deer
GCA_002197005.1	Cervus_elaphus_hippelaphus__Red_deer__HLcerElapHip3__GCA_002197005.1	Cervus elaphus hippelaphus	Red deer
GCA_010411085.1	Cervus_hanglu_yarkandensis__Yarkand_deer__HLcerHanYar1__GCA_010411085.1	Cervus hanglu yarkandensis	Yarkand deer
GCF_033118175.1	Dama_dama__fallow_deer__HLdamDam1__GCF_033118175.1	Dama dama	fallow deer
GCA_048126745.1	Dama_dama__Fallow_deer__HLdamDama2__GCA_048126745.1	Dama dama	Fallow deer
GCA_002443075.1	Elaphurus_davidianus__Pere_Davids_deer__HLelaDav1__GCA_002443075.1	Elaphurus davidianus	Pere Davids deer
GCA_034233915.1	Rucervus_eldii_siamensis__Elds_deer__HLrucEldSia1__GCA_034233915.1	Rucervus eldii siamensis	Elds deer
GCA_038501445.1	Rusa_alfredi__Visayan_spotted_deer__HLrusAlf1__GCA_038501445.1	Rusa alfredi	Visayan spotted deer
GCA_006459105.1	Hydropotes_inermis__Chinese_water_deer__HLhydIne1__GCA_006459105.1	Hydropotes inermis	Chinese water deer
GCA_020276665.1	Muntiacus_crinifrons__black_muntjac__HLmunCri2__GCA_020276665.1	Muntiacus crinifrons	black muntjac
GCA_020226025.1	Muntiacus_gongshanensis__Gongshanensis_muntjac__HLmunGon1__GCA_020226025.1	Muntiacus gongshanensis	Gongshanensis muntjac
GCA_008782695.1	Muntiacus_muntjak__muntjak__HLmunMun1__GCA_008782695.1	Muntiacus muntjak	muntjak
GCA_008787405.1	Muntiacus_reevesi__Reeves_muntjac__HLmunRee1__GCA_008787405.1	Muntiacus reevesi	Reeves muntjac
GCA_020226045.1	Muntiacus_reevesi__Reeves_muntjac__HLmunRee2__GCA_020226045.1	Muntiacus reevesi	Reeves muntjac
GCF_963930625.1	Muntiacus_reevesi__Reeves_muntjac__HLmunRee3__GCF_963930625.1	Muntiacus reevesi	Reeves muntjac
GCA_039877825.1	Muntiacus_vaginalis__Northern_red_muntjac__HLmunVag1__GCA_039877825.1	Muntiacus vaginalis	Northern red muntjac
GCA_007570765.1	Alces_alces__Eurasian_elk__HLalcAlc1__GCA_007570765.1	Alces alces	Eurasian elk
GCA_951849835.1	Capreolus_capreolus__Western_roe_deer__HLcapCap1__GCA_951849835.1	Capreolus capreolus	Western roe deer
GCA_012922965.1	Capreolus_pygargus__Eastern_roe_deer__HLcapPyg1__GCA_012922965.1	Capreolus pygargus	Eastern roe deer
DNA Zoo Consortium	Odocoileus_hemionus__mule_deer__HLodoHem2	Odocoileus hemionus	mule deer
DNA Zoo Consortium	Odocoileus_virginianus__white-tailed_deer__HLodoVir2	Odocoileus virginianus	white-tailed deer
GCA_014726795.1	Odocoileus_virginianus__white-tailed_deer__HLodoVir3__GCA_014726795.1	Odocoileus virginianus	white-tailed deer
GCF_023699985.2	Odocoileus_virginianus__White-tailed_deer__HLodoVirg4__GCF_023699985.2	Odocoileus virginianus	White-tailed deer
GCA_004115125.1	Odocoileus_hemionus_hemionus__mule_deer__HLodoHem1__GCA_004115125.1	Odocoileus hemionus hemionus	mule deer
GCA_014898785.1	Rangifer_tarandus_granti__reindeer__HLranTarGra2__GCA_014898785.1	Rangifer tarandus granti	reindeer
GCA_949782905.1	Rangifer_tarandus_platyrhynchus__Svalbard_reindeer__HLranTaraPla3__GCA_949782905.1	Rangifer tarandus platyrhynchus	Svalbard reindeer
DNA Zoo Consortium	Giraffa_camelopardalis__giraffe__HLgirCam2	Giraffa camelopardalis	giraffe
GCA_001651235.1	Giraffa_tippelskirchi__Masai_giraffe__HLgirTip1__GCA_001651235.1	Giraffa tippelskirchi	Masai giraffe
GCA_013496395.1	Giraffa_tippelskirchi__Masai_giraffe__HLgirTip2__GCA_013496395.1	Giraffa tippelskirchi	Masai giraffe
GCF_054371585.1	Giraffa_tippelskirchi__Masai_giraffe__HLgirTipp3__GCF_054371585.1	Giraffa tippelskirchi	Masai giraffe
GCA_018282235.1	Giraffa_camelopardalis_antiquorum__Kordofan_giraffe__HLgirCamAnt3__GCA_018282235.1	Giraffa camelopardalis antiquorum	Kordofan giraffe
GCA_017591445.1	Giraffa_camelopardalis_rothschildi__giraffe__HLgirCamRot3__GCA_017591445.1	Giraffa camelopardalis rothschildi	giraffe
DNA Zoo Consortium	Okapia_johnstoni__okapi__HLokaJoh2	Okapia johnstoni	okapi
GCA_024291935.1	Okapia_johnstoni__okapi__HLokaJoh3__GCA_024291935.1	Okapia johnstoni	okapi
DNA Zoo Consortium	Moschus_berezovskii__Chinese_forest_musk_deer__HLmosBer2	Moschus berezovskii	Chinese forest musk deer
GCA_022376915.1	Moschus_berezovskii__Chinese_forest_musk_deer__HLmosBer3__GCA_022376915.1	Moschus berezovskii	Chinese forest musk deer
GCA_049115385.1	Moschus_berezovskii__Chinese_forest_musk_deer__HLmosBere4__GCA_049115385.1	Moschus berezovskii	Chinese forest musk deer
GCA_006461725.1	Moschus_chrysogaster__alpine_musk_deer__HLmosChr1__GCA_006461725.1	Moschus chrysogaster	alpine musk deer
GCA_004024705.2	Moschus_moschiferus__Siberian_musk_deer__HLmosMos1__GCA_004024705.2	Moschus moschiferus	Siberian musk deer
GCA_004024965.2	Tragulus_javanicus__Java_mouse-deer__HLtraJav1__GCA_004024965.2	Tragulus javanicus	Java mouse-deer
GCA_022376925.1	Tragulus_kanchil__Lesser_mouse_deer__HLtraKan2__GCA_022376925.1	Tragulus kanchil	Lesser mouse deer
DNA Zoo Consortium	Babyrousa_celebensis__North_Sulawesi_babirusa__HLbabCel1	Babyrousa celebensis	North Sulawesi babirusa
GCA_016906955.1	Phacochoerus_africanus__Common_warthog__HLphaAfr1__GCA_016906955.1	Phacochoerus africanus	Common warthog
GCA_905335845.1	Sus_cebifrons__Visayan_warty_pig__HLsusCeb1__GCA_905335845.1	Sus cebifrons	Visayan warty pig
GCA_048338725.1	Sus_scrofa__Pig__HLsusScro12__GCA_048338725.1	Sus scrofa	Pig
GCF_000003025.6	Sus_scrofa__pig__susScr11__GCF_000003025.6	Sus scrofa	pig
GCA_004024745.2	Catagonus_wagneri__Chacoan_peccary__HLcatWag1__GCA_004024745.2	Catagonus wagneri	Chacoan peccary
GCA_000767855.1	Camelus_bactrianus__Bactrian_camel__HLcamBac1__GCA_000767855.1	Camelus bactrianus	Bactrian camel
GCA_000803125.3	Camelus_dromedarius__Arabian_camel__HLcamDro2__GCA_000803125.3	Camelus dromedarius	Arabian camel
GCF_036321535.1	Camelus_dromedarius__Arabian_camel__HLcamDro3A__GCF_036321535.1	Camelus dromedarius	Arabian camel
GCA_036321565.1	Camelus_dromedarius__Arabian_camel__HLcamDro3B__GCA_036321565.1	Camelus dromedarius	Arabian camel
GCA_009834535.1	Camelus_ferus__Wild_Bactrian_camel__HLcamFer3__GCA_009834535.1	Camelus ferus	Wild Bactrian camel
DNA Zoo Consortium	Lama_glama__llama__HLlamGla1	Lama glama	llama
GCA_013239585.1	Lama_glama_chaku__llama__HLlamGlaCha1__GCA_013239585.1	Lama glama chaku	llama
GCA_013239625.1	Lama_guanicoe_cacsilensis__guanaco__HLlamGuaCac1__GCA_013239625.1	Lama guanicoe cacsilensis	guanaco
DNA Zoo Consortium	Vicugna_pacos__alpaca__HLvicPac4	Vicugna pacos	alpaca
GCF_048564905.1	Vicugna_pacos__Alpaca__HLvicPaco5__GCF_048564905.1	Vicugna pacos	Alpaca
GCA_000767525.1	Vicugna_pacos_huacaya__alpaca__HLvicPacHua3__GCA_000767525.1	Vicugna pacos huacaya	alpaca
GCA_013265495.1	Vicugna_vicugna_mensalis__vicugna__HLvicVicMen1__GCA_013265495.1	Vicugna vicugna mensalis	vicugna
GCA_023065765.1	Hexaprotodon_liberiensis__pygmy_hippopotamus__HLhexLib1__GCA_023065765.1	Hexaprotodon liberiensis	pygmy hippopotamus
GCA_004027065.2	Hippopotamus_amphibius__hippopotamus__HLhipAmp3__GCA_004027065.2	Hippopotamus amphibius	hippopotamus
GCA_023065835.1	Hippopotamus_amphibius__hippopotamus__HLhipAmp4__GCA_023065835.1	Hippopotamus amphibius	hippopotamus
GCF_030028045.1	Hippopotamus_amphibius_kiboko__Hippopotamus__HLhipAmphKib5A__GCF_030028045.1	Hippopotamus amphibius kiboko	Hippopotamus
http://alfred.liv.ac.uk/downloads/bowhead_whale/bowhead_whale_scaffolds.zip	Balaena_mysticetus__bowhead_whale__HLbalMys1	Balaena mysticetus	bowhead whale
DNA Zoo Consortium	Eubalaena_australis__Southern_right_whale__HLeubAus1	Eubalaena australis	Southern right whale
GCF_028564815.1	Eubalaena_glacialis__North_Atlantic_right_whale__HLeubGla2__GCF_028564815.1	Eubalaena glacialis	North Atlantic right whale
GCA_004363455.1	Eubalaena_japonica__North_Pacific_right_whale__HLeubJap1__GCA_004363455.1	Eubalaena japonica	North Pacific right whale
GCA_949987535.1	Balaenoptera_acutorostrata__minke_whale__HLbalAcu2__GCA_949987535.1	Balaenoptera acutorostrata	minke whale
GCA_000978805.1	Balaenoptera_bonaerensis__Antarctic_minke_whale__HLbalBon1__GCA_000978805.1	Balaenoptera bonaerensis	Antarctic minke whale
GCA_965194725.1	Balaenoptera_borealis__Sei_whale__HLbalBor1__GCA_965194725.1	Balaenoptera borealis	Sei whale
GCA_965194805.1	Balaenoptera_borealis__Sei_whale__HLbalBore1A__GCA_965194805.1	Balaenoptera borealis	Sei whale
DNA Zoo Consortium	Balaenoptera_edeni__pygmy_Brydes_whale__HLbalEde1	Balaenoptera edeni	pygmy Brydes whale
GCA_052818205.1	Balaenoptera_edeni__Edens_whale__HLbalEden2__GCA_052818205.1	Balaenoptera edeni	Edens whale
GCF_009873245.2	Balaenoptera_musculus__Blue_whale__HLbalMus2__GCF_009873245.2	Balaenoptera musculus	Blue whale
DNA Zoo Consortium	Balaenoptera_physalus__Fin_whale__HLbalPhy2	Balaenoptera physalus	Fin whale
GCA_023338255.1	Balaenoptera_physalus__Fin_whale__HLbalPhy3__GCA_023338255.1	Balaenoptera physalus	Fin whale
GCA_965194765.1	Balaenoptera_physalus__Fin_whale__HLbalPhy4__GCA_965194765.1	Balaenoptera physalus	Fin whale
GCA_965194825.1	Balaenoptera_physalus__Fin_whale__HLbalPhys5A__GCA_965194825.1	Balaenoptera physalus	Fin whale
DNA Zoo Consortium	Balaenoptera_ricei__Rices_whale__HLbalRic1	Balaenoptera ricei	Rices whale
GCF_028023285.1	Balaenoptera_ricei__Rices_whale__HLbalRic2__GCF_028023285.1	Balaenoptera ricei	Rices whale
DNA Zoo Consortium	Megaptera_novaeangliae__humpback_whale__HLmegNov2	Megaptera novaeangliae	humpback whale
GCA_041834305.1	Megaptera_novaeangliae__Humpback_whale__HLmegNova3__GCA_041834305.1	Megaptera novaeangliae	Humpback whale
GCA_028021215.1	Eschrichtius_robustus__grey_whale__HLescRob3__GCA_028021215.1	Eschrichtius robustus	grey whale
GCA_029224305.1	Caperea_marginata__Pygmy_right_whale__HLcapMar3__GCA_029224305.1	Caperea marginata	Pygmy right whale
DNA Zoo Consortium	Cephalorhynchus_commersonii__Commersons_dolphin__HLcepCom1	Cephalorhynchus commersonii	Commersons dolphin
GCA_030062865.1	Delphinus_delphis__saddleback_dolphin__HLdelDel2__GCA_030062865.1	Delphinus delphis	saddleback dolphin
GCA_030062865.2	Delphinus_delphis__Saddleback_dolphin__HLdelDelp3__GCA_030062865.2	Delphinus delphis	Saddleback dolphin
GCA_963455315.1	Globicephala_melas__long-finned_pilot_whale__HLgloMel3__GCA_963455315.1	Globicephala melas	long-finned pilot whale
DNA Zoo Consortium	Grampus_griseus__Rissos_dolphin__HLgraGri1	Grampus griseus	Rissos dolphin
GCA_964374135.1	Grampus_griseus__Rissos_dolphin__HLgraGris2A__GCA_964374135.1	Grampus griseus	Rissos dolphin
GCF_949774975.1	Lagenorhynchus_albirostris__white-beaked_dolphin__HLlagAlb1__GCF_949774975.1	Lagenorhynchus albirostris	white-beaked dolphin
DNA Zoo Consortium	Leucopleurus_acutus__Atlantic_white-sided_dolphin__HLlagAcu1	Leucopleurus acutus	Atlantic white-sided dolphin
GCA_964270905.1	Leucopleurus_acutus__Atlantic_white-sided_dolphin__HLlagAcu2A__GCA_964270905.1	Leucopleurus acutus	Atlantic white-sided dolphin
GCA_964270935.1	Leucopleurus_acutus__Atlantic_white-sided_dolphin__HLlagAcu2B__GCA_964270935.1	Leucopleurus acutus	Atlantic white-sided dolphin
GCA_937001465.1	Orcinus_orca__killer_whale__HLorcOrc3__GCA_937001465.1	Orcinus orca	killer whale
DNA Zoo Consortium	Peponocephala_electra__melon-headed_whale__HLpepEle1	Peponocephala electra	melon-headed whale
GCA_051427945.1	Peponocephala_electra__Melon-headed_whale__HLpepElec2A__GCA_051427945.1	Peponocephala electra	Melon-headed whale
CNGB Sequence Archive	Pseudorca_crassidens__false_killer_whale__HLpseCra1	Pseudorca crassidens	false killer whale
GCF_039906515.1	Pseudorca_crassidens__False_killer_whale__HLpseCra2A__GCF_039906515.1	Pseudorca crassidens	False killer whale
CNGB Sequence Archive	Sagmatias_australis__Peales_dolphin__HLlagAus1	Sagmatias australis	Peales dolphin
DNA Zoo Consortium	Sagmatias_obliquidens__Pacific_white-sided_dolphin__HLlagObl2	Sagmatias obliquidens	Pacific white-sided dolphin
GCA_007760645.1	Sousa_chinensis__Indo-pacific_humpbacked_dolphin__HLsouChi1__GCA_007760645.1	Sousa chinensis	Indo-pacific humpbacked dolphin
DNA Zoo Consortium	Stenella_attenuata__bridled_dolphin__HLsteAtt1	Stenella attenuata	bridled dolphin
DNA Zoo Consortium	Stenella_clymene__Clymene_dolphin__HLsteCly1	Stenella clymene	Clymene dolphin
GCA_951394435.1	Stenella_coeruleoalba__striped_dolphin__HLsteCoe1__GCA_951394435.1	Stenella coeruleoalba	striped dolphin
DNA Zoo Consortium	Stenella_frontalis__Atlantic_spotted_dolphin__HLsteFro1	Stenella frontalis	Atlantic spotted dolphin
DNA Zoo Consortium	Stenella_longirostris_orientalis__spinner_dolphin__HLsteLonOri1	Stenella longirostris orientalis	spinner dolphin
DNA Zoo Consortium	Steno_bredanensis__rough-toothed_dolphin__HLsteBre1	Steno bredanensis	rough-toothed dolphin
DNA Zoo Consortium	Tursiops_aduncus__Indo-pacific_bottlenose_dolphin__HLturAdu2	Tursiops aduncus	Indo-pacific bottlenose dolphin
GCF_011762595.1	Tursiops_truncatus__common_bottlenose_dolphin__HLturTru5__GCF_011762595.1	Tursiops truncatus	common bottlenose dolphin
GCA_036417435.1	Inia_geoffrensis__Boutu__HLiniGeo2A__GCA_036417435.1	Inia geoffrensis	Boutu
GCA_036417475.1	Inia_geoffrensis__Boutu__HLiniGeo2B__GCA_036417475.1	Inia geoffrensis	Boutu
GCF_000442215.1	Lipotes_vexillifer__Yangtze_River_dolphin__lipVex1__GCF_000442215.1	Lipotes vexillifer	Yangtze River dolphin
GCA_002288925.3	Delphinapterus_leucas__beluga_whale__HLdelLeu2__GCA_002288925.3	Delphinapterus leucas	beluga whale
GCA_035221355.1	Delphinapterus_leucas__beluga_whale__HLdelLeu4__GCA_035221355.1	Delphinapterus leucas	beluga whale
GCA_005190385.2	Monodon_monoceros__narwhal__HLmonMon1__GCA_005190385.2	Monodon monoceros	narwhal
GCA_005190385.3	Monodon_monoceros__narwhal__HLmonMon2__GCA_005190385.3	Monodon monoceros	narwhal
GCA_026225855.1	Neophocaena_sunameri__East_Asian_finless_porpoise__HLneoAsiSun2__GCA_026225855.1	Neophocaena sunameri	East Asian finless porpoise
GCA_963924675.1	Phocoena_phocoena__harbor_porpoise__HLphoPho3__GCA_963924675.1	Phocoena phocoena	harbor porpoise
GCA_008692025.1	Phocoena_sinus__vaquita__HLphoSin1__GCA_008692025.1	Phocoena sinus	vaquita
GCF_026419965.1	Kogia_breviceps__pygmy_sperm_whale__HLkogBre3__GCF_026419965.1	Kogia breviceps	pygmy sperm whale
CNGB Sequence Archive	Kogia_sima__dwarf_sperm_whale__HLkogSim1	Kogia sima	dwarf sperm whale
GCA_002837175.2	Physeter_macrocephalus__sperm_whale__HLphyCat2__GCA_002837175.2	Physeter macrocephalus	sperm whale
GCA_978012005.1	Physeter_macrocephalus__Sperm_whale__HLphyMacr3A__GCA_978012005.1	Physeter macrocephalus	Sperm whale
GCA_017311385.1	Platanista_gangetica__Ganges_River_dolphin__HLplaGan1__GCA_017311385.1	Platanista gangetica	Ganges River dolphin
GCA_054084255.1	Platanista_gangetica__Ganges_River_dolphin__HLplaGang2__GCA_054084255.1	Platanista gangetica	Ganges River dolphin
GCA_004363435.1	Platanista_minor__Indus_River_dolphin__HLplaMin1__GCA_004363435.1	Platanista minor	Indus River dolphin
GCA_011754075.1	Pontoporia_blainvillei__franciscana__HLponBla1__GCA_011754075.1	Pontoporia blainvillei	franciscana
GCA_949752795.1	Hyperoodon_ampullatus__northern_bottlenose_whale__HLhypAmp2__GCA_949752795.1	Hyperoodon ampullatus	northern bottlenose whale
GCA_004027085.1	Mesoplodon_bidens__Sowerbys_beaked_whale__HLmesBid1__GCA_004027085.1	Mesoplodon bidens	Sowerbys beaked whale
GCA_964165515.1	Mesoplodon_bidens__Sowerbys_beaked_whale__HLmesBid2A__GCA_964165515.1	Mesoplodon bidens	Sowerbys beaked whale
GCA_964148845.1	Mesoplodon_bidens__Sowerbys_beaked_whale__HLmesBid2B__GCA_964148845.1	Mesoplodon bidens	Sowerbys beaked whale
GCA_025265405.1	Mesoplodon_densirostris__Blainvilles_beaked_whale__HLmesDen2__GCA_025265405.1	Mesoplodon densirostris	Blainvilles beaked whale
DNA Zoo Consortium	Mesoplodon_europaeus__Gervais_beaked_whale__HLmesEur1	Mesoplodon europaeus	Gervais beaked whale
GCA_964341445.1	Mesoplodon_mirus__Trues_beaked_whale__HLmesMir1A__GCA_964341445.1	Mesoplodon mirus	Trues beaked whale
GCA_964341485.1	Mesoplodon_mirus__Trues_beaked_whale__HLmesMir1B__GCA_964341485.1	Mesoplodon mirus	Trues beaked whale
DNA Zoo Consortium	Mesoplodon_stejnegeri__Stejnegers_beaked_whale__HLmesSte1	Mesoplodon stejnegeri	Stejnegers beaked whale
GCA_004364475.1	Ziphius_cavirostris__Cuviers_beaked_whale__HLzipCav1__GCA_004364475.1	Ziphius cavirostris	Cuviers beaked whale
GCF_053574225.1	Canis_aureus__Golden_jackal__HLcanAure1__GCF_053574225.1	Canis aureus	Golden jackal
GCA_034620425.1	Canis_latrans__Coyote__HLcanLat1__GCA_034620425.1	Canis latrans	Coyote
GCA_905319855.2	Canis_lupus__Gray_wolf__HLcanLup8__GCA_905319855.2	Canis lupus	Gray wolf
GCF_048164855.1	Canis_lupus_baileyi__Mexican_gray_wolf__HLcanLupBai8A__GCF_048164855.1	Canis lupus baileyi	Mexican gray wolf
DNA Zoo Consortium	Canis_lupus_dingo__dingo__HLcanLupDin2	Canis lupus dingo	dingo
GCF_014441545.1	Canis_lupus_familiaris__Dog__HLcanLupFam7__GCF_014441545.1	Canis lupus familiaris	Dog
GCF_000002285.3	Canis_lupus_familiaris__dog__canFam3__GCF_000002285.3	Canis lupus familiaris	dog
GCA_011100685.1	Canis_lupus_familiaris__dog__canFam4__GCA_011100685.1	Canis lupus familiaris	dog
GCA_005444595.1	Canis_lupus_familiaris__dog__canFam5__GCA_005444595.1	Canis lupus familiaris	dog
GCF_000002285.5	Canis_lupus_familiaris__dog__canFam6__GCF_000002285.5	Canis lupus familiaris	dog
DNA Zoo Consortium	Chrysocyon_brachyurus__maned_wolf__HLchrBra1	Chrysocyon brachyurus	maned wolf
DNA Zoo Consortium	Lycaon_pictus__African_hunting_dog__HLlycPic3	Lycaon pictus	African hunting dog
GCA_040955705.1	Lycaon_pictus__African_hunting_dog__HLlycPict4A__GCA_040955705.1	Lycaon pictus	African hunting dog
GCA_040955645.1	Lycaon_pictus__African_hunting_dog__HLlycPict4B__GCA_040955645.1	Lycaon pictus	African hunting dog
GCA_905146905.1	Nyctereutes_procyonoides__raccoon_dog__HLnycPro4__GCA_905146905.1	Nyctereutes procyonoides	raccoon dog
DNA Zoo Consortium	Otocyon_megalotis__bat-eared_fox__HLotoMeg2	Otocyon megalotis	bat-eared fox
GCA_023170115.1	Speothos_venaticus__Bush_dog__HLspeVen1__GCA_023170115.1	Speothos venaticus	Bush dog
GCA_032313775.1	Urocyon_cinereoargenteus__Gray_fox__HLuroCin1__GCA_032313775.1	Urocyon cinereoargenteus	Gray fox
DNA Zoo Consortium	Urocyon_littoralis_catalinae__Santa_Catalina_Island_fox__HLuroLitCat1	Urocyon littoralis catalinae	Santa Catalina Island fox
GCA_030463245.1	Vulpes_corsac__Corsac_fox__HLvulCor1__GCA_030463245.1	Vulpes corsac	Corsac fox
GCA_024500485.1	Vulpes_ferrilata__Tibetan_sand_fox__HLvulFer1__GCA_024500485.1	Vulpes ferrilata	Tibetan sand fox
GCF_018345385.1	Vulpes_lagopus__Arctic_fox__HLvulLag2__GCF_018345385.1	Vulpes lagopus	Arctic fox
DNA Zoo Consortium	Vulpes_vulpes__red_fox__HLvulVul2	Vulpes vulpes	red fox
GCA_048418805.1	Vulpes_vulpes__Red_fox__HLvulVul3__GCA_048418805.1	Vulpes vulpes	Red fox
DNA Zoo Consortium	Ailurus_fulgens__lesser_panda__HLailFul2	Ailurus fulgens	lesser panda
GCA_055769545.1	Mephitis_mephitis__Striped_skunk__HLmepMeph1__GCA_055769545.1	Mephitis mephitis	Striped skunk
GCA_004023965.1	Spilogale_gracilis__western_spotted_skunk__HLspiGra1__GCA_004023965.1	Spilogale gracilis	western spotted skunk
GCA_023159085.1	Spilogale_interrupta__plains_spotted_skunk__HLspiInt1__GCA_023159085.1	Spilogale interrupta	plains spotted skunk
GCA_020311275.1	Eira_barbara__Tayra__HLeirBar1__GCA_020311275.1	Eira barbara	Tayra
GCA_024510155.1	Gulo_gulo_luscus__American_wolverine__HLgulGulLus2__GCA_024510155.1	Gulo gulo luscus	American wolverine
GCA_029410595.1	Martes_flavigula__Yellow-throated_marten__HLmarFlav2__GCA_029410595.1	Martes flavigula	Yellow-throated marten
DNA Zoo Consortium	Martes_flavigula__yellow-throated_marten__HLmarFlv1	Martes flavigula	yellow-throated marten
DNA Zoo Consortium	Martes_foina__beach_marten__HLmarFoi1	Martes foina	beach marten
GCA_964304585.1	Martes_foina__Beach_marten__HLmarFoin2__GCA_964304585.1	Martes foina	Beach marten
GCA_963455335.1	Martes_martes__European_pine_marten__HLmarMart2__GCA_963455335.1	Martes martes	European pine marten
DNA Zoo Consortium	Martes_martes__European_pine_marten__HLmarMat1	Martes martes	European pine marten
GCA_012583365.1	Martes_zibellina__sable__HLmarZib1__GCA_012583365.1	Martes zibellina	sable
GCA_047676605.1	Pekania_pennanti__Fisher__HLpekPenn1__GCA_047676605.1	Pekania pennanti	Fisher
DNA Zoo Consortium	Aonyx_cinereus__Asian_small-clawed_otter__HLaonCin1	Aonyx cinereus	Asian small-clawed otter
GCF_002288905.1	Enhydra_lutris_kenyoni__sea_otter__enhLutKen1__GCF_002288905.1	Enhydra lutris kenyoni	sea otter
GCA_006410715.1	Enhydra_lutris_nereis__sea_otter__enhLutNer1__GCA_006410715.1	Enhydra lutris nereis	sea otter
GCA_010015895.1	Lontra_canadensis__Northern_American_river_otter__HLlonCan1__GCA_010015895.1	Lontra canadensis	Northern American river otter
GCA_902655055.1	Lutra_lutra__Eurasian_river_otter__HLlutLut1__GCA_902655055.1	Lutra lutra	Eurasian river otter
DNA Zoo Consortium	Pteronura_brasiliensis__giant_otter__HLpteBra2	Pteronura brasiliensis	giant otter
GCA_922984935.1	Meles_meles__Eurasian_badger__HLmeeMel1__GCA_922984935.1	Meles meles	Eurasian badger
GCA_004024625.1	Mellivora_capensis__ratel__HLmelCap1__GCA_004024625.1	Mellivora capensis	ratel
GCA_009829155.1	Mustela_erminea__ermine__HLmusErm1__GCA_009829155.1	Mustela erminea	ermine
GCA_963422785.1	Mustela_eversmannii__Steppe_polecat__HLmusEve1__GCA_963422785.1	Mustela eversmannii	Steppe polecat
GCF_030435805.1	Mustela_lutreola__European_mink__HLmusLut1__GCF_030435805.1	Mustela lutreola	European mink
GCA_022355385.1	Mustela_nigripes__black-footed_ferret__HLmusNig1__GCA_022355385.1	Mustela nigripes	black-footed ferret
GCA_019141155.1	Mustela_nivalis__least_weasel__HLmusNiv1__GCA_019141155.1	Mustela nivalis	least weasel
GCA_964662115.1	Mustela_nivalis__Least_weasel__HLmusNiva2A__GCA_964662115.1	Mustela nivalis	Least weasel
GCA_048197585.1	Mustela_sibirica__Siberian_weasel__HLmusSibi1__GCA_048197585.1	Mustela sibirica	Siberian weasel
GCA_048197275.1	Mustela_strigidorsa__Black-striped_weasel__HLmusStr1__GCA_048197275.1	Mustela strigidorsa	Black-striped weasel
GCA_011764305.1	Mustela_putorius_furo__domestic_ferret__HLmusFur2__GCA_011764305.1	Mustela putorius furo	domestic ferret
GCF_011764305.1	Mustela_putorius_furo__domestic_ferret__HLmusPutFur2__GCF_011764305.1	Mustela putorius furo	domestic ferret
GCF_020171115.1	Neogale_vison__American_mink__HLneoVis2__GCF_020171115.1	Neogale vison	American mink
GCA_964106545.1	Neogale_vison__American_mink__HLneoViso3A__GCA_964106545.1	Neogale vison	American mink
GCA_003697995.1	Taxidea_taxus_jeffersonii__American_badger__HLtaxTax1__GCA_003697995.1	Taxidea taxus jeffersonii	American badger
DNA Zoo Consortium	Bassariscus_astutus__ringtail__HLbasAst1	Bassariscus astutus	ringtail
DNA Zoo Consortium	Bassariscus_sumichrasti__Cacomistle__HLbasSum1	Bassariscus sumichrasti	Cacomistle
DNA Zoo Consortium	Nasua_narica__White-nosed_coati__HLnasNar1	Nasua narica	White-nosed coati
DNA Zoo Consortium	Potos_flavus__kinkajou__HLpotFla1	Potos flavus	kinkajou
DNA Zoo Consortium	Procyon_lotor__raccoon__HLproLot1	Procyon lotor	raccoon
GCA_055474045.1	Procyon_lotor__Raccoon__HLproLoto2__GCA_055474045.1	Procyon lotor	Raccoon
DNA Zoo Consortium	Odobenus_rosmarus__walrus__HLodoRos1	Odobenus rosmarus	walrus
GCF_000321225.1	Odobenus_rosmarus_divergens__Pacific_walrus__odoRosDiv1__GCF_000321225.1	Odobenus rosmarus divergens	Pacific walrus
CNGB Sequence Archive	Arctocephalus_australis__South_American_fur_seal__HLarcAus1	Arctocephalus australis	South American fur seal
GCA_900642305.1	Arctocephalus_gazella__antarctic_fur_seal__HLarcGaz2__GCA_900642305.1	Arctocephalus gazella	antarctic fur seal
GCA_040869175.1	Arctocephalus_gazella__Antarctic_fur_seal__HLarcGaze3A__GCA_040869175.1	Arctocephalus gazella	Antarctic fur seal
DNA Zoo Consortium	Arctocephalus_townsendi__Guadalupe_fur_seal__HLarcTow1	Arctocephalus townsendi	Guadalupe fur seal
GCA_003265705.1	Callorhinus_ursinus__northern_fur_seal__HLcalUrs1__GCA_003265705.1	Callorhinus ursinus	northern fur seal
GCA_004028035.1	Eumetopias_jubatus__Steller_sea_lion__HLeumJub1__GCA_004028035.1	Eumetopias jubatus	Steller sea lion
GCA_037043125.1	Eumetopias_jubatus__Steller_sea_lion__HLeumJuba2__GCA_037043125.1	Eumetopias jubatus	Steller sea lion
CNGB Sequence Archive	Otaria_byronia__South_American_sea_lion__HLotaByr1	Otaria byronia	South American sea lion
GCA_009762305.1	Zalophus_californianus__California_sea_lion__HLzalCal1__GCA_009762305.1	Zalophus californianus	California sea lion
GCF_009762305.2	Zalophus_californianus__California_sea_lion__HLzalCali2__GCF_009762305.2	Zalophus californianus	California sea lion
GCA_050320145.1	Hydrurga_leptonyx__Leopard_seal__HLhydLept1__GCA_050320145.1	Hydrurga leptonyx	Leopard seal
DNA Zoo Consortium	Leptonychotes_weddellii__Weddell_seal__HLlepWed2	Leptonychotes weddellii	Weddell seal
DNA Zoo Consortium	Mirounga_angustirostris__Northern_elephant_seal__HLmirAng2	Mirounga angustirostris	Northern elephant seal
GCA_011800145.1	Mirounga_leonina__Southern_elephant_seal__HLmirLeo1__GCA_011800145.1	Mirounga leonina	Southern elephant seal
GCA_976986665.1	Monachus_monachus__Mediterranean_monk_seal__HLmonMona1__GCA_976986665.1	Monachus monachus	Mediterranean monk seal
DNA Zoo Consortium	Neomonachus_schauinslandi__Hawaiian_monk_seal__HLneoSch2	Neomonachus schauinslandi	Hawaiian monk seal
GCF_002201575.1	Neomonachus_schauinslandi__Hawaiian_monk_seal__neoSch1__GCF_002201575.1	Neomonachus schauinslandi	Hawaiian monk seal
DNA Zoo Consortium	Erignathus_barbatus__bearded_seal__HLeriBar1	Erignathus barbatus	bearded seal
GCA_012393455.1	Halichoerus_grypus__gray_seal__HLhalGry1__GCA_012393455.1	Halichoerus grypus	gray seal
DNA Zoo Consortium	Halichoerus_grypus__gray_seal__HLhalGry2	Halichoerus grypus	gray seal
GCA_964656455.1	Halichoerus_grypus__Gray_seal__HLhalGryp3A__GCA_964656455.1	Halichoerus grypus	Gray seal
DNA Zoo Consortium	Phoca_largha__spotted_seal__HLphoLar1	Phoca largha	spotted seal
GCA_004348235.1	Phoca_vitulina__harbor_seal__HLphoVit1__GCA_004348235.1	Phoca vitulina	harbor seal
GCA_048197345.1	Pusa_caspica__Caspian_seal__HLpusCasp1__GCA_048197345.1	Pusa caspica	Caspian seal
GCA_947044825.1	Pusa_saimensis__Ringed_seal__HLpusHisSai1__GCA_947044825.1	Pusa saimensis	Ringed seal
CNGB Sequence Archive	Pusa_sibirica__Baikal_seal__HLpusSib1	Pusa sibirica	Baikal seal
GCA_947044835.1	Pusa_hispida_botnica__Ringed_seal__HLpusHisBot1__GCA_947044835.1	Pusa hispida botnica	Ringed seal
GCA_002007445.2	Ailuropoda_melanoleuca__giant_panda__HLailMel2__GCA_002007445.2	Ailuropoda melanoleuca	giant panda
GCA_029963865.1	Ailuropoda_melanoleuca__giant_panda__HLailMel3__GCA_029963865.1	Ailuropoda melanoleuca	giant panda
DNA Zoo Consortium	Helarctos_malayanus__Malayan_sun_bear__HLhelMal1	Helarctos malayanus	Malayan sun bear
DNA Zoo Consortium	Tremarctos_ornatus__spectacled_bear__HLtreOrn2	Tremarctos ornatus	spectacled bear
GCA_054642835.1	Tremarctos_ornatus__Spectacled_bear__HLtreOrna3__GCA_054642835.1	Tremarctos ornatus	Spectacled bear
GCF_020975775.1	Ursus_americanus__American_black_bear__HLursAme3__GCF_020975775.1	Ursus americanus	American black bear
GCF_023065955.1	Ursus_arctos__brown_bear__HLursArc2__GCF_023065955.1	Ursus arctos	brown bear
GCF_017311325.1	Ursus_maritimus__polar_bear__HLursMar2__GCF_017311325.1	Ursus maritimus	polar bear
GCA_024610735.2	Ursus_americanus__American_black_bear__HLursAmer4__GCA_024610735.2	Ursus americanus	American black bear
GCA_009660055.1	Ursus_thibetanus_thibetanus__Asiatic_black_bear__HLursThi1__GCA_009660055.1	Ursus thibetanus thibetanus	Asiatic black bear
DNA Zoo Consortium	Cryptoprocta_ferox__fossa__HLcryFer2	Cryptoprocta ferox	fossa
GCA_003709585.1	Acinonyx_jubatus__cheetah__HLaciJub2__GCA_003709585.1	Acinonyx jubatus	cheetah
GCF_027475565.1	Acinonyx_jubatus__cheetah__HLaciJub3__GCF_027475565.1	Acinonyx jubatus	cheetah
GCA_016801355.1	Caracal_caracal__caracal__HLcarCaa1__GCA_016801355.1	Caracal caracal	caracal
GCA_051911835.1	Felis_catus__Domestic_cat__HLfelCatu10__GCA_051911835.1	Felis catus	Domestic cat
GCA_019924945.1	Felis_chaus__jungle_cat__HLfelCha1__GCA_019924945.1	Felis chaus	jungle cat
DNA Zoo Consortium	Felis_nigripes__black-footed_cat__HLfelNig2	Felis nigripes	black-footed cat
GCF_000181335.3	Felis_catus__domestic_cat__felCat9__GCF_000181335.3	Felis catus	domestic cat
GCA_014898765.1	Herpailurus_yagouaroundi__jaguarundi__HLpumYag1__GCA_014898765.1	Herpailurus yagouaroundi	jaguarundi
DNA Zoo Consortium	Leopardus_tigrinus__little_spotted_cat__HLleoTig1	Leopardus tigrinus	little spotted cat
GCA_056512435.1	Leptailurus_serval__Serval__HLlepServ1__GCA_056512435.1	Leptailurus serval	Serval
GCA_007474595.1	Lynx_canadensis__Canada_lynx__HLlynCan1__GCA_007474595.1	Lynx canadensis	Canada lynx
GCF_007474595.2	Lynx_canadensis__Canada_lynx__HLlynCana2__GCF_007474595.2	Lynx canadensis	Canada lynx
GCA_900661375.1	Lynx_pardinus__Spanish_lynx__HLlynPar1__GCA_900661375.1	Lynx pardinus	Spanish lynx
GCA_022079265.1	Lynx_rufus__bobcat__HLlynRuf1__GCA_022079265.1	Lynx rufus	bobcat
DNA Zoo Consortium	Otocolobus_manul__Pallas_cat__HLotoMan1	Otocolobus manul	Pallas cat
GCA_028564725.2	Otocolobus_manul__Pallas_cat__HLotoManu2__GCA_028564725.2	Otocolobus manul	Pallas cat
GCF_016509475.1	Prionailurus_bengalensis__leopard_cat__HLpriBen2__GCF_016509475.1	Prionailurus bengalensis	leopard cat
GCA_018403415.1	Prionailurus_iriomotensis__Iriomote_cat__HLpriIri1__GCA_018403415.1	Prionailurus iriomotensis	Iriomote cat
GCF_022837055.1	Prionailurus_viverrinus__fishing_cat__HLpriViv3__GCF_022837055.1	Prionailurus viverrinus	fishing cat
GCA_003327715.1	Puma_concolor__puma__HLpumCon1__GCA_003327715.1	Puma concolor	puma
GCA_028749985.4	Puma_concolor__Puma__HLpumConc2A__GCA_028749985.4	Puma concolor	Puma
GCA_027422475.1	Neofelis_diardi__Sunda_clouded_leopard__HLneoDia1__GCA_027422475.1	Neofelis diardi	Sunda clouded leopard
GCF_028018385.1	Neofelis_nebulosa__Clouded_leopard__HLneoNeb2__GCF_028018385.1	Neofelis nebulosa	Clouded leopard
GCF_018350215.1	Panthera_leo__lion__HLpanLeo2__GCF_018350215.1	Panthera leo	lion
GCA_046255005.1	Panthera_leo__Lion__HLpanLeo3A__GCA_046255005.1	Panthera leo	Lion
GCA_046254995.1	Panthera_leo__Lion__HLpanLeo3B__GCA_046254995.1	Panthera leo	Lion
GCA_004023805.1	Panthera_onca__jaguar__HLpanOnc1__GCA_004023805.1	Panthera onca	jaguar
DNA Zoo Consortium	Panthera_onca__jaguar__HLpanOnc2	Panthera onca	jaguar
GCA_046562875.1	Panthera_onca__Jaguar__HLpanOnca3A__GCA_046562875.1	Panthera onca	Jaguar
GCA_024362965.1	Panthera_pardus__leopard__HLpanPar2__GCA_024362965.1	Panthera pardus	leopard
GCF_018350195.1	Panthera_tigris__tiger__HLpanTig3__GCF_018350195.1	Panthera tigris	tiger
DNA Zoo Consortium	Panthera_uncia__snow_leopard__HLpanUnc1	Panthera uncia	snow leopard
GCA_048603155.1	Panthera_uncia__Snow_leopard__HLpanUnci2__GCA_048603155.1	Panthera uncia	Snow leopard
GCA_004023845.1	Helogale_parvula__dwarf_mongoose__HLhelPar1__GCA_004023845.1	Helogale parvula	dwarf mongoose
GCA_004023785.1	Mungos_mungo__banded_mongoose__HLmunMug1__GCA_004023785.1	Mungos mungo	banded mongoose
GCA_004023905.1	Suricata_suricatta__meerkat__HLsurSur2__GCA_004023905.1	Suricata suricatta	meerkat
DNA Zoo Consortium	Urva_auropunctata__small_Indian_mongoose__HLurvAur1	Urva auropunctata	small Indian mongoose
DNA Zoo Consortium	Crocuta_crocuta__spotted_hyena__HLcroCro2	Crocuta crocuta	spotted hyena
GCA_003009895.1	Hyaena_hyaena__striped_hyena__HLhyaHya1__GCA_003009895.1	Hyaena hyaena	striped hyena
GCA_017311185.1	Proteles_cristata_cristata__aardwolf__HLproCriCri1__GCA_017311185.1	Proteles cristata cristata	aardwolf
GCA_030068075.1	Paguma_larvata__Masked_palm_civet__HLpagLar1__GCA_030068075.1	Paguma larvata	Masked palm civet
GCA_004024585.1	Paradoxurus_hermaphroditus__Asian_palm_civet__HLparHer1__GCA_004024585.1	Paradoxurus hermaphroditus	Asian palm civet
GCA_037038545.1	Rhynchonycteris_naso__Proboscis_bat__HLrhyNas2A__GCA_037038545.1	Rhynchonycteris naso	Proboscis bat
GCA_037038555.1	Rhynchonycteris_naso__Proboscis_bat__HLrhyNas2B__GCA_037038555.1	Rhynchonycteris naso	Proboscis bat
GCF_036850765.1	Saccopteryx_bilineata__greater_sac-winged_bat__HLsacBil1__GCF_036850765.1	Saccopteryx bilineata	greater sac-winged bat
GCF_036850995.1	Saccopteryx_leptura__lesser_sac-winged_bat__HLsacLep1__GCF_036850995.1	Saccopteryx leptura	lesser sac-winged bat
GCA_001595765.1	Miniopterus_natalensis__Natal_long-fingered_bat__HLminNat1__GCA_001595765.1	Miniopterus natalensis	Natal long-fingered bat
GCA_004026525.1	Miniopterus_schreibersii__Schreibers_long-fingered_bat__HLminSch1__GCA_004026525.1	Miniopterus schreibersii	Schreibers long-fingered bat
GCA_964146895.1	Miniopterus_schreibersii__Schreibers_long-fingered_bat__HLminSch2A__GCA_964146895.1	Miniopterus schreibersii	Schreibers long-fingered bat
GCA_964145185.1	Miniopterus_schreibersii__Schreibers_long-fingered_bat__HLminSch2B__GCA_964145185.1	Miniopterus schreibersii	Schreibers long-fingered bat
GCA_964146895.2	Miniopterus_schreibersii__Schreibers_long-fingered_bat__HLminSchr3A__GCA_964146895.2	Miniopterus schreibersii	Schreibers long-fingered bat
GCA_964145185.2	Miniopterus_schreibersii__Schreibers_long-fingered_bat__HLminSchr3B__GCA_964145185.2	Miniopterus schreibersii	Schreibers long-fingered bat
GCA_031001765.1	Molossus_alvarezi__Alvarezs_mastiff_bat__HLmolAlv1__GCA_031001765.1	Molossus alvarezi	Alvarezs mastiff bat
GCA_037157525.1	Molossus_alvarezi__Alvarezs_mastiff_bat__HLmolAlv2A__GCA_037157525.1	Molossus alvarezi	Alvarezs mastiff bat
GCA_037176705.1	Molossus_alvarezi__Alvarezs_mastiff_bat__HLmolAlv2B__GCA_037176705.1	Molossus alvarezi	Alvarezs mastiff bat
GCA_014108415.1	Molossus_molossus__Pallass_mastiff_bat__HLmolMol2__GCA_014108415.1	Molossus molossus	Pallass mastiff bat
GCA_026936385.1	Molossus_nigricans__northern_black_mastiff_bat__HLmolNig1__GCA_026936385.1	Molossus nigricans	northern black mastiff bat
GCA_039880945.1	Molossus_nigricans__Northern_black_mastiff_bat__HLmolNig2A__GCA_039880945.1	Molossus nigricans	Northern black mastiff bat
GCA_039880925.1	Molossus_nigricans__Northern_black_mastiff_bat__HLmolNig2B__GCA_039880925.1	Molossus nigricans	Northern black mastiff bat
GCA_043748645.1	Mops_condylurus__Angolan_free-tailed_bat__HLmopCon1__GCA_043748645.1	Mops condylurus	Angolan free-tailed bat
GCA_030848825.1	Tadarida_brasiliensis__Brazilian_free-tailed_bat__HLtadBra3__GCA_030848825.1	Tadarida brasiliensis	Brazilian free-tailed bat
GCA_976988885.1	Tadarida_teniotis__European_free-tailed_bat__HLtadTeni1A__GCA_976988885.1	Tadarida teniotis	European free-tailed bat
GCA_004026545.1	Mormoops_blainvillei__Antillean_ghost-faced_bat__HLmorBla1__GCA_004026545.1	Mormoops blainvillei	Antillean ghost-faced bat
GCA_021234165.1	Pteronotus_mesoamericanus__Mesoamerican_mustached_bat__HLpteMes1__GCA_021234165.1	Pteronotus mesoamericanus	Mesoamerican mustached bat
Dryad https://doi.org/10.5061/dryad.0k6djh9z1	Pteronotus_parnellii__Parnells_mustached_bat__HLptePar2	Pteronotus parnellii	Parnells mustached bat
GCA_036768555.1	Pteronotus_parnellii_mexicanus__Parnells_mustached_bat__HLpteParMex3__GCA_036768555.1	Pteronotus parnellii mexicanus	Parnells mustached bat
GCA_004026585.1	Noctilio_leporinus__greater_bulldog_bat__HLnocLep1__GCA_004026585.1	Noctilio leporinus	greater bulldog bat
GCA_056371365.1	Carollia_perspicillata__Sebas_short-tailed_bat__HLcarPer2__GCA_056371365.1	Carollia perspicillata	Sebas short-tailed bat
GCA_004027735.1	Carollia_perspicillata__Sebas_short-tailed_bat__HLcarPer3__GCA_004027735.1	Carollia perspicillata	Sebas short-tailed bat
TBG Hillerlab	Desmodus_rotundus__common_vampire_bat__HLdesRot15A	Desmodus rotundus	common vampire bat
TBG Hillerlab	Desmodus_rotundus__common_vampire_bat__HLdesRot15B	Desmodus rotundus	common vampire bat
GCA_004027475.1	Anoura_caudifer__tailed_tailless_bat__HLanoCau1__GCA_004027475.1	Anoura caudifer	tailed tailless bat
GIGADB	Leptonycteris_yerbabuenae__Lesser_long-nosed_bat__HLlepYer1	Leptonycteris yerbabuenae	Lesser long-nosed bat
GCA_050655435.1	Gardnerycteris_keenani__Keenans_Hairy-nosed_Bat__HLgarKeen1A__GCA_050655435.1	Gardnerycteris keenani	Keenans Hairy-nosed Bat
GCA_050655445.1	Gardnerycteris_keenani__Keenans_Hairy-nosed_Bat__HLgarKeen1B__GCA_050655445.1	Gardnerycteris keenani	Keenans Hairy-nosed Bat
GCA_051307075.1	Lophostoma_evote__Davis_round-eared_bat__HLlopEvot1A__GCA_051307075.1	Lophostoma evote	Davis round-eared bat
GCA_051307065.1	Lophostoma_evote__Davis_round-eared_bat__HLlopEvot1B__GCA_051307065.1	Lophostoma evote	Davis round-eared bat
GCA_007922815.1	Macrotus_californicus__California_big-eared_bat__HLmacCal1__GCA_007922815.1	Macrotus californicus	California big-eared bat
GCA_004026765.1	Micronycteris_hirsuta__hairy_big-eared_bat__HLmicHir1__GCA_004026765.1	Micronycteris hirsuta	hairy big-eared bat
GCA_051107205.1	Micronycteris_microtis__Common_big-eared_bat__HLmicMicr1A__GCA_051107205.1	Micronycteris microtis	Common big-eared bat
GCA_051107335.1	Micronycteris_microtis__Common_big-eared_bat__HLmicMicr1B__GCA_051107335.1	Micronycteris microtis	Common big-eared bat
GCA_014049915.1	Phyllostomus_discolor__pale_spear-nosed_bat__HLphyDis3__GCA_014049915.1	Phyllostomus discolor	pale spear-nosed bat
GCF_004126475.2	Phyllostomus_discolor__Pale_spear-nosed_bat__HLphyDisc4__GCF_004126475.2	Phyllostomus discolor	Pale spear-nosed bat
GCF_019186645.2	Phyllostomus_hastatus__Greater_spear-nosed_bat__HLphyHast2__GCF_019186645.2	Phyllostomus hastatus	Greater spear-nosed bat
GCA_004024845.1	Tonatia_bakeri__stripe-headed_round-eared_bat__HLtonSau1__GCA_004024845.1	Tonatia bakeri	stripe-headed round-eared bat
GCA_028533065.1	Trachops_cirrhosus__fringe-lipped_bat__HLtraCir2__GCA_028533065.1	Trachops cirrhosus	fringe-lipped bat
GCA_014825515.1	Artibeus_jamaicensis__Jamaican_fruit-eating_bat__HLartJam2__GCA_014825515.1	Artibeus jamaicensis	Jamaican fruit-eating bat
GCA_021234435.1	Artibeus_jamaicensis__Jamaican_fruit-eating_bat__HLartJam3__GCA_021234435.1	Artibeus jamaicensis	Jamaican fruit-eating bat
GCA_038363095.2	Artibeus_lituratus__Great_fruit-eating_bat__HLartLit1A__GCA_038363095.2	Artibeus lituratus	Great fruit-eating bat
GCA_038363175.2	Artibeus_lituratus__Great_fruit-eating_bat__HLartLit1B__GCA_038363175.2	Artibeus lituratus	Great fruit-eating bat
GCA_038363095.4	Artibeus_lituratus__Great_fruit-eating_bat__HLartLitu2A__GCA_038363095.4	Artibeus lituratus	Great fruit-eating bat
GCA_038363175.3	Artibeus_lituratus__Great_fruit-eating_bat__HLartLitu2B__GCA_038363175.3	Artibeus lituratus	Great fruit-eating bat
GCA_051107565.1	Dermanura_phaeotis__Dwarf_fruit-eating_bat__HLderPhae1A__GCA_051107565.1	Dermanura phaeotis	Dwarf fruit-eating bat
GCA_051107595.1	Dermanura_phaeotis__Dwarf_fruit-eating_bat__HLderPhae1B__GCA_051107595.1	Dermanura phaeotis	Dwarf fruit-eating bat
GCA_051107505.1	Platyrrhinus_helleri__Hellers_broad-nosed_bat__HLplaHell1A__GCA_051107505.1	Platyrrhinus helleri	Hellers broad-nosed bat
GCA_051107545.1	Platyrrhinus_helleri__Hellers_broad-nosed_bat__HLplaHell1B__GCA_051107545.1	Platyrrhinus helleri	Hellers broad-nosed bat
GCA_014824575.1	Sturnira_hondurensis__Honduras_yellow-shouldered_bat__HLstuHon1__GCA_014824575.1	Sturnira hondurensis	Honduras yellow-shouldered bat
GCA_054855685.1	Sturnira_parvidens__Northern_Yellow-shouldered_Bat__HLstuParv1A__GCA_054855685.1	Sturnira parvidens	Northern Yellow-shouldered Bat
GCA_054855695.1	Sturnira_parvidens__Northern_Yellow-shouldered_Bat__HLstuParv1B__GCA_054855695.1	Sturnira parvidens	Northern Yellow-shouldered Bat
GCA_027563665.1	Antrozous_pallidus__pallid_bat__HLantPal2__GCA_027563665.1	Antrozous pallidus	pallid bat
GCA_951640355.1	Cnephaeus_nilssonii__Northern_bat__HLeptNil3__GCA_951640355.1	Cnephaeus nilssonii	Northern bat
DNA Zoo Consortium	Corynorhinus_rafinesquii__Rafinesques_big-eared_bat__HLcorRaf1	Corynorhinus rafinesquii	Rafinesques big-eared bat
GCA_026230055.1	Corynorhinus_townsendii__Townsends_big-eared_bat__HLcorTow1A__GCA_026230055.1	Corynorhinus townsendii	Townsends big-eared bat
GCA_026230045.1	Corynorhinus_townsendii__Townsends_big-eared_bat__HLcorTow1B__GCA_026230045.1	Corynorhinus townsendii	Townsends big-eared bat
GCF_027574615.1	Eptesicus_fuscus__big_brown_bat__HLeptFus3__GCF_027574615.1	Eptesicus fuscus	big brown bat
GCA_025583905.1	Ia_io__Great_evening_bat__HLiaxIox1__GCA_025583905.1	Ia io	Great evening bat
GCA_054824925.1	Ia_io__Great_evening_bat__HLiaxIox2A__GCA_054824925.1	Ia io	Great evening bat
GCA_011751065.1	Lasiurus_cinereus__hoary_bat__HLaeoCin1__GCA_011751065.1	Lasiurus cinereus	hoary bat
GCA_004026805.1	Lasiurus_borealis__red_bat__HLlasBor1__GCA_004026805.1	Lasiurus borealis	red bat
GCA_004026665.1	Murina_feae__Little_tube-nosed_bat__HLmurAurFea1__GCA_004026665.1	Murina feae	Little tube-nosed bat
GCF_963259705.1	Myotis_daubentonii__Daubentons_bat__HLmyoDau2__GCF_963259705.1	Myotis daubentonii	Daubentons bat
GCA_963259705.2	Myotis_daubentonii__Daubentons_bat__HLmyoDaub3A__GCA_963259705.2	Myotis daubentonii	Daubentons bat
GCA_965115925.1	Myotis_emarginatus__Geoffroys_bat__HLmyoEma1A__GCA_965115925.1	Myotis emarginatus	Geoffroys bat
GCA_965115945.1	Myotis_emarginatus__Geoffroys_bat__HLmyoEma1B__GCA_965115945.1	Myotis emarginatus	Geoffroys bat
GCA_965115925.2	Myotis_emarginatus__Geoffroys_bat__HLmyoEmar2A__GCA_965115925.2	Myotis emarginatus	Geoffroys bat
GCA_038630795.1	Myotis_findleyi__Findleys_myotis__HLmyoFin1__GCA_038630795.1	Myotis findleyi	Findleys myotis
DNA Zoo Consortium	Myotis_lucifugus__little_brown_bat__HLmyoLuc1	Myotis lucifugus	little brown bat
GCA_014108235.1	Myotis_myotis__greater_mouse-eared_bat__HLmyoMyo6__GCA_014108235.1	Myotis myotis	greater mouse-eared bat
GCA_964094495.2	Myotis_mystacinus__Whiskered_bat__HLmyoMys2A__GCA_964094495.2	Myotis mystacinus	Whiskered bat
GCA_964195625.1	Myotis_mystacinus__Whiskered_bat__HLmyoMys2B__GCA_964195625.1	Myotis mystacinus	Whiskered bat
GCA_964094495.3	Myotis_mystacinus__Whiskered_bat__HLmyoMyst3A__GCA_964094495.3	Myotis mystacinus	Whiskered bat
GCA_964212035.1	Myotis_nattereri__Natterers_bat__HLmyoNat1A__GCA_964212035.1	Myotis nattereri	Natterers bat
GCA_964212025.1	Myotis_nattereri__Natterers_bat__HLmyoNat1B__GCA_964212025.1	Myotis nattereri	Natterers bat
GCA_964212035.2	Myotis_nattereri__Natterers_bat__HLmyoNatt2A__GCA_964212035.2	Myotis nattereri	Natterers bat
GCA_964212025.2	Myotis_nattereri__Natterers_bat__HLmyoNatt2B__GCA_964212025.2	Myotis nattereri	Natterers bat
GCA_054855985.1	Myotis_nesopolus__Cucacao_Myotis__HLmyoNeso1A__GCA_054855985.1	Myotis nesopolus	Cucacao Myotis
GCA_036250175.1	Myotis_planiceps__flat-headed_Myotis__HLmyoPla1__GCA_036250175.1	Myotis planiceps	flat-headed Myotis
GCA_036010255.1	Myotis_pilosus__Ricketts_big-footed_Myotis__HLmyoRic2__GCA_036010255.1	Myotis pilosus	Ricketts big-footed Myotis
DNA Zoo Consortium	Myotis_septentrionalis__Northern_long-eared_myotis__HLmyoSep1	Myotis septentrionalis	Northern long-eared myotis
GCA_035771395.1	Myotis_vivesi__fish-eating_bat__HLmyoViv1__GCA_035771395.1	Myotis vivesi	fish-eating bat
GCA_028536395.1	Myotis_yumanensis__Yuma_myotis__HLmyoYum1A__GCA_028536395.1	Myotis yumanensis	Yuma myotis
GCA_028538775.1	Myotis_yumanensis__Yuma_myotis__HLmyoYum1B__GCA_028538775.1	Myotis yumanensis	Yuma myotis
GCF_000412655.1	Myotis_brandtii__Brandts_myotis_bat__myoBra1__GCF_000412655.1	Myotis brandtii	Brandts myotis bat
GCF_000327345.1	Myotis_davidii__Davids_myotis_bat__myoDav1__GCF_000327345.1	Myotis davidii	Davids myotis bat
GCA_054100705.1	Neoeptesicus_chiriquinus__Chiriquinan_serotine__HLneoChir1A__GCA_054100705.1	Neoeptesicus chiriquinus	Chiriquinan serotine
GCA_054099605.1	Neoeptesicus_chiriquinus__Chiriquinan_serotine__HLneoChir1B__GCA_054099605.1	Neoeptesicus chiriquinus	Chiriquinan serotine
GCA_054644455.1	Neoeptesicus_furinalis__Argentine_brown_bat__HLneoFuri1A__GCA_054644455.1	Neoeptesicus furinalis	Argentine brown bat
GCA_036971965.1	Nyctalus_aviator__birdlike_noctule__HLnycAvi1__GCA_036971965.1	Nyctalus aviator	birdlike noctule
GCA_964264875.1	Nyctalus_leisleri__Lesser_noctule__HLnycLei1A__GCA_964264875.1	Nyctalus leisleri	Lesser noctule
GCA_964264895.1	Nyctalus_leisleri__Lesser_noctule__HLnycLei1B__GCA_964264895.1	Nyctalus leisleri	Lesser noctule
GCA_964264875.2	Nyctalus_leisleri__Lesser_noctule__HLnycLeis2A__GCA_964264875.2	Nyctalus leisleri	Lesser noctule
GCA_964264895.2	Nyctalus_leisleri__Lesser_noctule__HLnycLeis2B__GCA_964264895.2	Nyctalus leisleri	Lesser noctule
GCA_007922795.1	Nycticeius_humeralis__evening_bat__HLnycHum2__GCA_007922795.1	Nycticeius humeralis	evening bat
GCA_044885105.1	Pipistrellus_abramus__Japanese_house_bat__HLpipAbr1__GCA_044885105.1	Pipistrellus abramus	Japanese house bat
GCA_964339955.1	Pipistrellus_hanaki__Hanakis_dwarf_bat__HLpipHan1__GCA_964339955.1	Pipistrellus hanaki	Hanakis dwarf bat
GCA_014108245.1	Pipistrellus_kuhlii__Kuhls_pipistrelle__HLpipKuh2__GCA_014108245.1	Pipistrellus kuhlii	Kuhls pipistrelle
GCA_963693515.1	Pipistrellus_nathusii__Nathusiuss_pipistrelle__HLpipNat1A__GCA_963693515.1	Pipistrellus nathusii	Nathusiuss pipistrelle
GCA_963693525.1	Pipistrellus_nathusii__Nathusiuss_pipistrelle__HLpipNat1B__GCA_963693525.1	Pipistrellus nathusii	Nathusiuss pipistrelle
GCA_964656225.2	Pipistrellus_nathusii__Nathusiuss_pipistrelle__HLpipNath2A__GCA_964656225.2	Pipistrellus nathusii	Nathusiuss pipistrelle
GCA_004026625.1	Pipistrellus_pipistrellus__common_pipistrelle__HLpipPip1__GCA_004026625.1	Pipistrellus pipistrellus	common pipistrelle
GCA_903992545.1	Pipistrellus_pipistrellus__common_pipistrelle__HLpipPip2__GCA_903992545.1	Pipistrellus pipistrellus	common pipistrelle
GCA_965203405.2	Pipistrellus_pipistrellus__Common_pipistrelle__HLpipPipi3A__GCA_965203405.2	Pipistrellus pipistrellus	Common pipistrelle
GCA_965204225.2	Pipistrellus_pipistrellus__Common_pipistrelle__HLpipPipi3B__GCA_965204225.2	Pipistrellus pipistrellus	Common pipistrelle
GCA_949987585.1	Pipistrellus_pygmaeus__soprano_pipistrelle__HLpipPyg1__GCA_949987585.1	Pipistrellus pygmaeus	soprano pipistrelle
GCA_963455305.1	Plecotus_auritus__brown_big-eared_bat__HLpleAur1__GCA_963455305.1	Plecotus auritus	brown big-eared bat
Sciencedb https://doi.org/10.57760/sciencedb.11285	Plecotus_auritus__brown_big-eared_bat__HLpleAur2	Plecotus auritus	brown big-eared bat
GCA_055860955.1	Tylonycteris_robustula__Greater_bamboo_bat__HLtylRobu1__GCA_055860955.1	Tylonycteris robustula	Greater bamboo bat
GCA_963924515.1	Vespertilio_murinus__particolored_bat__HLvesMur1__GCA_963924515.1	Vespertilio murinus	particolored bat
GCA_963924515.2	Vespertilio_murinus__Particolored_bat__HLvesMuri2A__GCA_963924515.2	Vespertilio murinus	Particolored bat
GCA_963924695.2	Vespertilio_murinus__Particolored_bat__HLvesMuri2B__GCA_963924695.2	Vespertilio murinus	Particolored bat
GCA_009793145.1	Cynopterus_brachyotis__lesser_short-nosed_fruit_bat__HLcynBra1__GCA_009793145.1	Cynopterus brachyotis	lesser short-nosed fruit bat
GCA_030015415.1	Cynopterus_sphinx__Indian_short-nosed_fruit_bat__HLcynSph1__GCA_030015415.1	Cynopterus sphinx	Indian short-nosed fruit bat
GCA_004027375.1	Macroglossus_sobrinus__Long-tongued_fruit_bat__HLmacSob1__GCA_004027375.1	Macroglossus sobrinus	Long-tongued fruit bat
GCA_028627145.1	Eidolon_dupreanum__Malagasy_straw-colored_fruit_bat__HLeidDup1__GCA_028627145.1	Eidolon dupreanum	Malagasy straw-colored fruit bat
DNA Zoo Consortium	Eidolon_helvum__straw-colored_fruit_bat__HLeidHel2	Eidolon helvum	straw-colored fruit bat
GCA_902729225.1	Pteropus_medius__Indian_flying_fox__HLpteGig1__GCA_902729225.1	Pteropus medius	Indian flying fox
GCA_014363405.1	Pteropus_pselaphon__Bonin_flying_fox__HLptePse1__GCA_014363405.1	Pteropus pselaphon	Bonin flying fox
DNA Zoo Consortium	Pteropus_rodricensis__Rodriguez_flying_fox__HLpteRod1	Pteropus rodricensis	Rodriguez flying fox
GCA_028533765.1	Pteropus_rufus__Malagasy_flying_fox__HLpteRuf1__GCA_028533765.1	Pteropus rufus	Malagasy flying fox
GCA_056363885.1	Pteropus_rufus__Malagasy_flying_fox__HLpteRufu2A__GCA_056363885.1	Pteropus rufus	Malagasy flying fox
DNA Zoo Consortium	Pteropus_vampyrus__large_flying_fox__HLpteVam3	Pteropus vampyrus	large flying fox
GCF_000325575.1	Pteropus_alecto__black_flying_fox__pteAle1__GCF_000325575.1	Pteropus alecto	black flying fox
GCA_014176215.1	Rousettus_aegyptiacus__Egyptian_rousette__HLrouAeg4__GCA_014176215.1	Rousettus aegyptiacus	Egyptian rousette
GCA_015472975.1	Rousettus_leschenaultii__Leschenaults_rousette__HLrouLes1__GCA_015472975.1	Rousettus leschenaultii	Leschenaults rousette
GCA_053538355.1	Rousettus_leschenaultii__Leschenaults_rousette__HLrouLesc2A__GCA_053538355.1	Rousettus leschenaultii	Leschenaults rousette
GCA_028533395.1	Rousettus_madagascariensis__Madagascan_rousette__HLrouMad1__GCA_028533395.1	Rousettus madagascariensis	Madagascan rousette
GCA_004027555.1	Craseonycteris_thonglongyai__hog-nosed_bat__HLcraTho1__GCA_004027555.1	Craseonycteris thonglongyai	hog-nosed bat
GCA_043727835.1	Aselliscus_stoliczkanus__Stoliczkas_trident_bat__HLaseSto2__GCA_043727835.1	Aselliscus stoliczkanus	Stoliczkas trident bat
GCA_033961575.1	Aselliscus_stoliczkanus__Stoliczkas_trident_bat__HLaseSto4__GCA_033961575.1	Aselliscus stoliczkanus	Stoliczkas trident bat
GCA_043880285.1	Doryrhina_cyclops__cyclops_roundleaf_bat__HLhipCyc2__GCA_043880285.1	Doryrhina cyclops	cyclops roundleaf bat
GCA_001890085.1	Hipposideros_armiger__great_roundleaf_bat__HLhipArm1__GCA_001890085.1	Hipposideros armiger	great roundleaf bat
GCA_004027415.1	Hipposideros_galeritus__Cantors_roundleaf_bat__HLhipGal1__GCA_004027415.1	Hipposideros galeritus	Cantors roundleaf bat
GCA_021464545.1	Hipposideros_pendleburyi__Pendleburys_leaf-nosed_bat__HLhipPen1__GCA_021464545.1	Hipposideros pendleburyi	Pendleburys leaf-nosed bat
GCA_043727955.1	Hipposideros_larvatus__Intermediate_roundleaf_bat__HLhipLar2__GCA_043727955.1	Hipposideros larvatus	Intermediate roundleaf bat
Sciencedb https://doi.org/10.57760/sciencedb.11285	Hipposideros_larvatus__Intermediate_roundleaf_bat__HLhipLar3	Hipposideros larvatus	Intermediate roundleaf bat
GCA_004026885.1	Lyroderma_lyra__Indian_false_vampire__HLmegLyr2__GCA_004026885.1	Lyroderma lyra	Indian false vampire
GCA_055471755.1	Macroderma_gigas__Australian_ghost_bat__HLmacGiga1__GCA_055471755.1	Macroderma gigas	Australian ghost bat
GCA_043880595.1	Megaderma_spasma__lesser_false_vampire_bat__HLmegSpa1__GCA_043880595.1	Megaderma spasma	lesser false vampire bat
GCA_043728065.1	Rhinolophus_affinis__intermediate_horseshoe_bat__HLrhiAff2__GCA_043728065.1	Rhinolophus affinis	intermediate horseshoe bat
GCA_040057535.1	Rhinolophus_affinis__Intermediate_horseshoe_bat__HLrhiAff4__GCA_040057535.1	Rhinolophus affinis	Intermediate horseshoe bat
GCA_054645015.1	Rhinolophus_clivosus__Geoffroys_horseshoe_bat__HLrhiCliv1A__GCA_054645015.1	Rhinolophus clivosus	Geoffroys horseshoe bat
GCA_014108255.1	Rhinolophus_ferrumequinum__greater_horseshoe_bat__HLrhiFer5__GCA_014108255.1	Rhinolophus ferrumequinum	greater horseshoe bat
GCF_004115265.1	Rhinolophus_ferrumequinum__greater_horseshoe_bat__HLrhiFer6__GCF_004115265.1	Rhinolophus ferrumequinum	greater horseshoe bat
GCA_964194185.1	Rhinolophus_hipposideros__Lesser_horseshoe_bat__HLrhiHip1A__GCA_964194185.1	Rhinolophus hipposideros	Lesser horseshoe bat
GCA_964194215.1	Rhinolophus_hipposideros__Lesser_horseshoe_bat__HLrhiHip1B__GCA_964194215.1	Rhinolophus hipposideros	Lesser horseshoe bat
GCA_964194215.2	Rhinolophus_hipposideros__Lesser_horseshoe_bat__HLrhiHipp2A__GCA_964194215.2	Rhinolophus hipposideros	Lesser horseshoe bat
GCA_043748575.1	Rhinolophus_perniger_lanosus__Northern_woolly_horseshoe_bat__HLrhiLuc4__GCA_043748575.1	Rhinolophus perniger lanosus	Northern woolly horseshoe bat
GCA_041825415.1	Rhinolophus_rex__king_horseshoe_bat__HLrhiRex1__GCA_041825415.1	Rhinolophus rex	king horseshoe bat
GCA_043880425.1	Rhinolophus_yonghoiseni__Yong_Hoi_Sens_woolly_horseshoe_bat__HLrhiSed2__GCA_043880425.1	Rhinolophus yonghoiseni	Yong Hoi Sens woolly horseshoe bat
GCA_001888835.1	Rhinolophus_sinicus__Chinese_rufous_horseshoe_bat__HLrhiSin1__GCA_001888835.1	Rhinolophus sinicus	Chinese rufous horseshoe bat
GCA_036562045.1	Rhinolophus_sinicus__Chinese_rufous_horseshoe_bat__HLrhiSin4__GCA_036562045.1	Rhinolophus sinicus	Chinese rufous horseshoe bat
GCA_043728145.1	Rhinolophus_trifoliatus__Trefoil_horseshoe_bat__HLrhiTri2__GCA_043728145.1	Rhinolophus trifoliatus	Trefoil horseshoe bat
GCA_055761895.1	Rhinopoma_cystops__Egyptian_mouse-tailed_bat__HLrhiCyst1A__GCA_055761895.1	Rhinopoma cystops	Egyptian mouse-tailed bat
GCA_055761905.1	Rhinopoma_cystops__Egyptian_mouse-tailed_bat__HLrhiCyst1B__GCA_055761905.1	Rhinopoma cystops	Egyptian mouse-tailed bat
GCA_043880545.1	Rhinopoma_microphyllum__Greater_mouse-tailed_bat__HLrhiMic1__GCA_043880545.1	Rhinopoma microphyllum	Greater mouse-tailed bat
GCF_950295315.1	Erinaceus_europaeus__western_European_hedgehog__HLeriEur3__GCF_950295315.1	Erinaceus europaeus	western European hedgehog
GCA_004363575.1	Solenodon_paradoxus__Hispaniolan_solenodon__HLsolPar1__GCA_004363575.1	Solenodon paradoxus	Hispaniolan solenodon
GCA_965212715.1	Crocidura_zimmermanni__Zimmermanns_shrew__HLcroZim1__GCA_965212715.1	Crocidura zimmermanni	Zimmermanns shrew
GCA_965212715.2	Crocidura_gueldenstaedtii__Guldenstadts_white-toothed_shrew__HLcroGuel1__GCA_965212715.2	Crocidura gueldenstaedtii	Guldenstadts white-toothed shrew
GCA_054737625.1	Scutisorex_somereni__Hero_shrew__HLscuSome1__GCA_054737625.1	Scutisorex somereni	Hero shrew
GCF_024139225.1	Suncus_etruscus__white-toothed_pygmy_shrew__HLsunEtr1__GCF_024139225.1	Suncus etruscus	white-toothed pygmy shrew
GCA_055769025.1	Suncus_murinus__House_shrew__HLsunMuri1__GCA_055769025.1	Suncus murinus	House shrew
GCA_051295465.1	Blarina_brevicauda__Short-tailed_shrew__HLblaBrev1__GCA_051295465.1	Blarina brevicauda	Short-tailed shrew
GCA_021461705.1	Cryptotis_parvus__least_shrew__HLcryPar1__GCA_021461705.1	Cryptotis parvus	least shrew
GCF_027595985.1	Sorex_araneus__European_shrew__HLsorAra3__GCF_027595985.1	Sorex araneus	European shrew
GCA_026122425.1	Sorex_cinereus__cinereus_shrew__HLsorCin1__GCA_026122425.1	Sorex cinereus	cinereus shrew
GCF_029834395.1	Sorex_fumeus__smoky_shrew__HLsorFum1__GCF_029834395.1	Sorex fumeus	smoky shrew
GCA_051176035.1	Sorex_hoyi__Pygmy_shrew__HLsorHoyi1__GCA_051176035.1	Sorex hoyi	Pygmy shrew
GCA_030324115.1	Sorex_maritimensis__Maritime_shrew__HLsorMar1__GCA_030324115.1	Sorex maritimensis	Maritime shrew
GCA_041430695.1	Sorex_ornatus__Ornate_shrew__HLsorOrn1A__GCA_041430695.1	Sorex ornatus	Ornate shrew
GCA_041430635.1	Sorex_ornatus__Ornate_shrew__HLsorOrn1B__GCA_041430635.1	Sorex ornatus	Ornate shrew
GCF_000260355.1	Condylura_cristata__star-nosed_mole__conCri1__GCF_000260355.1	Condylura cristata	star-nosed mole
GCA_965120235.1	Desmana_moschata__Insectivores__HLdesMos1__GCA_965120235.1	Desmana moschata	Insectivores
GCA_019455555.1	Galemys_pyrenaicus__Pyrenean_desman__HLgalPyr1__GCA_019455555.1	Galemys pyrenaicus	Pyrenean desman
GCA_054767415.1	Mogera_wogura__Japanese_mole__HLmogWogu2__GCA_054767415.1	Mogera wogura	Japanese mole
GCA_004024925.1	Scalopus_aquaticus__eastern_mole__HLscaAqu1__GCA_004024925.1	Scalopus aquaticus	eastern mole
GCA_042919465.1	Scaptochirus_moschatus__Short-faced_mole__HLscaMos1__GCA_042919465.1	Scaptochirus moschatus	Short-faced mole
GCA_964194135.1	Talpa_europaea__European_mole__HLtalEur1A__GCA_964194135.1	Talpa europaea	European mole
GCA_964194205.1	Talpa_europaea__European_mole__HLtalEur1B__GCA_964194205.1	Talpa europaea	European mole
GCA_014898055.1	Talpa_occidentalis__Iberian_mole__HLtalOcc1__GCA_014898055.1	Talpa occidentalis	Iberian mole
GCA_004024945.1	Uropsilus_gracilis__gracile_shrew_mole__HLuroGra1__GCA_004024945.1	Uropsilus gracilis	gracile shrew mole
GCA_016077325.1	Equus_asinus__ass__HLequAsi3__GCA_016077325.1	Equus asinus	ass
GCF_041296235.1	Equus_asinus__Ass__HLequAsin4__GCF_041296235.1	Equus asinus	Ass
GCA_052445885.1	Equus_asinus__Donkey__HLequAsin5__GCA_052445885.1	Equus asinus	Donkey
GCF_041296265.1	Equus_caballus__Horse__HLequCaba4__GCF_041296265.1	Equus caballus	Horse
GCA_052818215.1	Equus_caballus__Horse__HLequCaba5__GCA_052818215.1	Equus caballus	Horse
GCA_052150635.1	Equus_kiang__Kiang__HLequKian1__GCA_052150635.1	Equus kiang	Kiang
GCF_037783145.1	Equus_przewalskii__Przewalskis_horse__HLequPrze2__GCF_037783145.1	Equus przewalskii	Przewalskis horse
GCF_021613505.1	Equus_quagga__plains_zebra__HLequQua2__GCF_021613505.1	Equus quagga	plains zebra
DNA Zoo Consortium	Equus_zebra__mountain_zebra__HLequZeb1	Equus zebra	mountain zebra
GCF_002863925.1	Equus_caballus__horse__equCab3__GCF_002863925.1	Equus caballus	horse
GCF_000696695.1	Equus_przewalskii__Przewalskis_horse__equPrz1__GCF_000696695.1	Equus przewalskii	Przewalskis horse
GCA_003033725.1	Equus_asinus_asinus__ass__HLequAsiAsi2__GCA_003033725.1	Equus asinus asinus	ass
DNA Zoo Consortium	Equus_quagga_quagga__quagga__HLequQua1	Equus quagga quagga	quagga
DNA Zoo Consortium	Equus_quagga_boehmi__Grants_zebra__HLequQuaBoe1	Equus quagga boehmi	Grants zebra
GCA_021442165.1	Ceratotherium_simum_cottoni__northern_white_rhinoceros__HLcerSimCot2__GCA_021442165.1	Ceratotherium simum cottoni	northern white rhinoceros
GCA_023653735.1	Ceratotherium_simum_simum__Southern_white_rhinoceros__HLcerSimuSim3__GCA_023653735.1	Ceratotherium simum simum	Southern white rhinoceros
GCA_002844835.1	Dicerorhinus_sumatrensis_sumatrensis__Sumatran_rhinoceros__HLdicSum1__GCA_002844835.1	Dicerorhinus sumatrensis sumatrensis	Sumatran rhinoceros
GCA_014189135.1	Dicerorhinus_sumatrensis_harrissoni__Sumatran_rhinoceros__HLdicSumHar2__GCA_014189135.1	Dicerorhinus sumatrensis harrissoni	Sumatran rhinoceros
GCA_020826845.1	Diceros_bicornis_minor__black_rhinoceros__HLdicBicMin2__GCA_020826845.1	Diceros bicornis minor	black rhinoceros
DNA Zoo Consortium	Rhinoceros_unicornis__greater_Indian_rhinoceros__HLrhiUni1	Rhinoceros unicornis	greater Indian rhinoceros
GCA_004024905.1	Tapirus_indicus__Asiatic_tapir__HLtapInd1__GCA_004024905.1	Tapirus indicus	Asiatic tapir
DNA Zoo Consortium	Tapirus_indicus__Asiatic_tapir__HLtapInd2	Tapirus indicus	Asiatic tapir
GCA_031878655.1	Tapirus_indicus__Asiatic_tapir__HLtapIndi3A__GCA_031878655.1	Tapirus indicus	Asiatic tapir
GCA_031878705.1	Tapirus_indicus__Asiatic_tapir__HLtapIndi3B__GCA_031878705.1	Tapirus indicus	Asiatic tapir
GCA_004025025.1	Tapirus_terrestris__Brazilian_tapir__HLtapTer1__GCA_004025025.1	Tapirus terrestris	Brazilian tapir
DNA Zoo Consortium	Tapirus_terrestris__Brazilian_tapir__HLtapTer2	Tapirus terrestris	Brazilian tapir
GCA_024605085.1	Manis_javanica__Malayan_pangolin__HLmanJav3__GCA_024605085.1	Manis javanica	Malayan pangolin
GCF_040802235.1	Manis_javanica__Malayan_pangolin__HLmanJava4__GCF_040802235.1	Manis javanica	Malayan pangolin
GCF_030020395.1	Manis_pentadactyla__Chinese_pangolin__HLmanPen4__GCF_030020395.1	Manis pentadactyla	Chinese pangolin
GCA_004765945.1	Phataginus_tricuspis__Tree_pangolin__HLmanTri1__GCA_004765945.1	Phataginus tricuspis	Tree pangolin
DNA Zoo Consortium	Phataginus_tricuspis__Tree_pangolin__HLphaTri2	Phataginus tricuspis	Tree pangolin
GCA_032199065.1	Smutsia_gigantea__Giant_pangolin__HLsmuGig1__GCA_032199065.1	Smutsia gigantea	Giant pangolin
GCA_004025125.1	Tolypeutes_matacus__southern_three-banded_armadillo__HLtolMat1__GCA_004025125.1	Tolypeutes matacus	southern three-banded armadillo
GCA_026826555.1	Tolypeutes_matacus__southern_three-banded_armadillo__HLtolMata2__GCA_026826555.1	Tolypeutes matacus	southern three-banded armadillo
GCF_030445035.1	Dasypus_novemcinctus__nine-banded_armadillo__HLdasNov4__GCF_030445035.1	Dasypus novemcinctus	nine-banded armadillo
GCF_030445035.2	Dasypus_novemcinctus__Nine-banded_armadillo__HLdasNove5A__GCF_030445035.2	Dasypus novemcinctus	Nine-banded armadillo
GCA_963992745.1	Bradypus_torquatus__Maned_three-toed_sloth__HLbraTor4__GCA_963992745.1	Bradypus torquatus	Maned three-toed sloth
GCF_015220235.1	Choloepus_didactylus__southern_two-toed_sloth__HLchoDid2__GCF_015220235.1	Choloepus didactylus	southern two-toed sloth
DNA Zoo Consortium	Choloepus_hoffmanni__Hoffmanns_two-fingered_sloth__HLchoHof3	Choloepus hoffmanni	Hoffmanns two-fingered sloth
DNA Zoo Consortium	Myrmecophaga_tridactyla__giant_anteater__HLmyrTri2	Myrmecophaga tridactyla	giant anteater
GCA_023851605.1	Tamandua_tetradactyla__southern_tamandua__HLtamTet2__GCA_023851605.1	Tamandua tetradactyla	southern tamandua
GCA_016432865.1	Antechinus_flavipes__yellow-footed_antechinus__HLantFla1__GCA_016432865.1	Antechinus flavipes	yellow-footed antechinus
GCA_016696395.1	Antechinus_stuartii__brown_antechinus__HLantStu1__GCA_016696395.1	Antechinus stuartii	brown antechinus
GCA_048593285.1	Dasyurus_maculatus__Spotted-tailed_quoll__HLdasMacu1__GCA_048593285.1	Dasyurus maculatus	Spotted-tailed quoll
GCA_020854095.1	Dasyurus_viverrinus__eastern_quoll__HLdasViv1__GCA_020854095.1	Dasyurus viverrinus	eastern quoll
GCF_902635505.1	Sarcophilus_harrisii__Tasmanian_devil__HLsarHarr4__GCF_902635505.1	Sarcophilus harrisii	Tasmanian devil
GCA_048593225.1	Sarcophilus_harrisii__Tasmanian_devil__HLsarHarr3__GCA_048593225.1	Sarcophilus harrisii	Tasmanian devil
DNA Zoo Consortium	Sminthopsis_crassicaudata__fat-tailed_dunnart__HLsmiCra1	Sminthopsis crassicaudata	fat-tailed dunnart
DNA Zoo Consortium	Didelphis_virginiana__North_American_opossum__HLdidVir1	Didelphis virginiana	North American opossum
GCF_027887165.1	Monodelphis_domestica__gray_short-tailed_opossum__HLmonDom6__GCF_027887165.1	Monodelphis domestica	gray short-tailed opossum
GCF_028372415.1	Notamacropus_eugenii__Tammar_wallaby__HLnotEuge4__GCF_028372415.1	Notamacropus eugenii	Tammar wallaby
DNA Zoo Consortium	Gymnobelideus_leadbeateri__Leadbeaters_possum__HLgymLea2	Gymnobelideus leadbeateri	Leadbeaters possum
GCF_011100635.1	Trichosurus_vulpecula__common_brushtail__HLtriVul2__GCF_011100635.1	Trichosurus vulpecula	common brushtail
GCA_011100635.1	Trichosurus_vulpecula__common_brushtail__HLtriVul1__GCA_011100635.1	Trichosurus vulpecula	common brushtail
GCA_003287225.2	Phascolarctos_cinereus__Koala__HLphaCine3__GCA_003287225.2	Phascolarctos cinereus	Koala
GCA_050230965.1	Bettongia_gaimardi__Tasmanian_bettong__HLbetGaim1A__GCA_050230965.1	Bettongia gaimardi	Tasmanian bettong
GCA_023548195.1	Bettongia_penicillata_ogilbyi__woylie__HLbetPenOgi1__GCA_023548195.1	Bettongia penicillata ogilbyi	woylie
GCA_900497805.2	Vombatus_ursinus__common_wombat__HLvomUrs1__GCA_900497805.2	Vombatus ursinus	common wombat
GCF_019393635.1	Dromiciops_gliroides__monito_del_monte__HLdroGli1__GCF_019393635.1	Dromiciops gliroides	monito del monte
GCA_054644205.1	Lestoros_inca__Incan_shrew_opossum__HLlesInca1A__GCA_054644205.1	Lestoros inca	Incan shrew opossum
GCF_037893015.1	Macrotis_lagotis__Bilby__HLmacLag1__GCF_037893015.1	Macrotis lagotis	Bilby
GCF_030867095.1	Alligator_mississippiensis__American_alligator__HLallMiss2__GCF_030867095.1	Alligator mississippiensis	American alligator
GCF_965140235.1	Caretta_caretta__Loggerhead_turtle__HLcarCare1A__GCF_965140235.1	Caretta caretta	Loggerhead turtle
GCF_015237465.2	Chelonia_mydas__Green_sea_turtle__HLcheMyd3__GCF_015237465.2	Chelonia mydas	Green sea turtle
GCF_965152235.1	Eretmochelys_imbricata__Hawksbill_sea_turtle__HLereImbr1A__GCF_965152235.1	Eretmochelys imbricata	Hawksbill sea turtle
GCA_965140285.1	Lepidochelys_kempii__Atlantic_ridley__HLlepKemp1A__GCA_965140285.1	Lepidochelys kempii	Atlantic ridley
GCA_965140295.1	Lepidochelys_olivacea__Pacific_ridley__HLlepOliv1A__GCA_965140295.1	Lepidochelys olivacea	Pacific ridley
GCF_965152275.1	Natator_depressus__Flatback_sea_turtle__HLnatDepr1A__GCF_965152275.1	Natator depressus	Flatback sea turtle
GCF_009764565.3	Dermochelys_coriacea__leatherback_sea_turtle__HLderCor2__GCF_009764565.3	Dermochelys coriacea	leatherback sea turtle
GCA_037349315.2	Chelydra_serpentina__Common_snapping_turtle__HLcheSerp3__GCA_037349315.2	Chelydra serpentina	Common snapping turtle
GCA_033296515.1	Macrochelys_suwanniensis__Suwannee_snapping_turtle__HLmacSuwa1A__GCA_033296515.1	Macrochelys suwanniensis	Suwannee snapping turtle
GCA_007922305.1	Dermatemys_mawii__Hickatee__HLderMaw2__GCA_007922305.1	Dermatemys mawii	Hickatee
GCA_054099655.1	Dermatemys_mawii__Hickatee__HLderMawi3A__GCA_054099655.1	Dermatemys mawii	Hickatee
GCA_044707075.1	Staurotypus_triporcatus__Mexican_musk_turtle__HLstaTrip1__GCA_044707075.1	Staurotypus triporcatus	Mexican musk turtle
GCA_032164245.1	Sternotherus_odoratus__Common_musk_turtle__HLsteOdor1__GCA_032164245.1	Sternotherus odoratus	Common musk turtle
GCA_022086475.1	Actinemys_marmorata__Northwestern_pond_turtle__HLactMarm2__GCA_022086475.1	Actinemys marmorata	Northwestern pond turtle
GCA_023634205.1	Actinemys_pallida__Southwestern_pond_turtle__HLactPall1__GCA_023634205.1	Actinemys pallida	Southwestern pond turtle
GCF_011386835.1	Chrysemys_picta_bellii__Western_painted_turtle__HLchrPictBel5__GCF_011386835.1	Chrysemys picta bellii	Western painted turtle
GCA_037418315.2	Chrysemys_picta_marginata__Midland_painted_turtle__HLchrPictMar5__GCA_037418315.2	Chrysemys picta marginata	Midland painted turtle
GCA_040208395.2	Clemmys_guttata__Spotted_turtle__HLcleGutt1__GCA_040208395.2	Clemmys guttata	Spotted turtle
GCA_048301635.1	Deirochelys_reticularia_miaria__Western_chicken_turtle__HLdeiRetiMia1__GCA_048301635.1	Deirochelys reticularia miaria	Western chicken turtle
GCA_036785055.1	Emydoidea_blandingii__Blandings_turtle__HLemyBlan1__GCA_036785055.1	Emydoidea blandingii	Blandings turtle
GCF_028017835.1	Emys_orbicularis__European_pond_turtle__HLemyOrbi1A__GCF_028017835.1	Emys orbicularis	European pond turtle
GCA_032172135.1	Glyptemys_insculpta__Wood_turtle__HLglyInsc1__GCA_032172135.1	Glyptemys insculpta	Wood turtle
GCA_037349215.2	Graptemys_geographica__Map_turtle__HLgraGeog1__GCA_037349215.2	Graptemys geographica	Map turtle
GCA_037113585.1	Malaclemys_terrapin_centrata__Diamondback_terrapin__HLmalTerrCen2__GCA_037113585.1	Malaclemys terrapin centrata	Diamondback terrapin
GCF_027887155.1	Malaclemys_terrapin_pileata__Diamondback_terrapin__HLmalTerrPil2A__GCF_027887155.1	Malaclemys terrapin pileata	Diamondback terrapin
GCF_002925995.2	Terrapene_carolina_triunguis__Three-toed_box_turtle__HLterCarTri1__GCF_002925995.2	Terrapene carolina triunguis	Three-toed box turtle
GCF_013100865.1	Trachemys_scripta_elegans__red-eared_slider_turtle__HLtraScrEle1__GCF_013100865.1	Trachemys scripta elegans	red-eared slider turtle
GCA_045781095.1	Pangshura_tecta__Indian_roofed_turtle__HLpanTect1A__GCA_045781095.1	Pangshura tecta	Indian roofed turtle
GCA_004028625.2	Cuora_amboinensis__Amboina_box_turtle__HLcuoAmb1__GCA_004028625.2	Cuora amboinensis	Amboina box turtle
GCA_003846335.1	Cuora_mccordi__McCords_box_turtle__HLcuoMcc1__GCA_003846335.1	Cuora mccordi	McCords box turtle
GCF_020497125.1	Mauremys_mutica__Yellowpond_turtle__HLmauMuti1__GCF_020497125.1	Mauremys mutica	Yellowpond turtle
GCF_016161935.1	Mauremys_reevesii__Reevess_turtle__HLmauRee1__GCF_016161935.1	Mauremys reevesii	Reevess turtle
GCA_044758505.1	Rhinoclemmys_areolata__Furrowed_wood_turtle__HLrhiAreo1__GCA_044758505.1	Rhinoclemmys areolata	Furrowed wood turtle
GCA_003942145.1	Platysternon_megacephalum__big-headed_turtle__HLplaMeg1__GCA_003942145.1	Platysternon megacephalum	big-headed turtle
GCA_026122505.1	Aldabrachelys_gigantea__Aldabra_giant_tortoise__HLaldGiga1__GCA_026122505.1	Aldabrachelys gigantea	Aldabra giant tortoise
GCF_003597395.1	Chelonoidis_abingdonii__Abingdon_island_giant_tortoise__HLcheAbi1__GCF_003597395.1	Chelonoidis abingdonii	Abingdon island giant tortoise
GCA_002896415.1	Gopherus_agassizii__Agassizs_desert_tortoise__HLgopAga1__GCA_002896415.1	Gopherus agassizii	Agassizs desert tortoise
GCF_007399415.2	Gopherus_evgoodei__Goodes_thornscrub_tortoise__HLgopEvg1__GCF_007399415.2	Gopherus evgoodei	Goodes thornscrub tortoise
GCF_025201925.1	Gopherus_flavomarginatus__Mexican_gopher_tortoise__HLgopFlav1__GCF_025201925.1	Gopherus flavomarginatus	Mexican gopher tortoise
GCA_050000095.2	Indotestudo_elongata__Elongated_tortoise__HLindElon1A__GCA_050000095.2	Indotestudo elongata	Elongated tortoise
GCA_040782865.1	Testudo_graeca__Mediterranean_spur-thighed_tortoise__HLtesGrae1__GCA_040782865.1	Testudo graeca	Mediterranean spur-thighed tortoise
GCF_033958435.1	Carettochelys_insculpta__Pitted-shelled_turtle__HLcarInsc4__GCF_033958435.1	Carettochelys insculpta	Pitted-shelled turtle
GCA_030068395.2	Apalone_spinifera__Spiny_softshell_turtle__HLapaSpin2__GCA_030068395.2	Apalone spinifera	Spiny softshell turtle
GCA_055691355.1	Apalone_spinifera__Spiny_softshell_turtle__HLapaSpin3__GCA_055691355.1	Apalone spinifera	Spiny softshell turtle
GCA_052575445.1	Chitra_chitra__Asian_narrow-headed_softshell_turtle__HLchiChit1__GCA_052575445.1	Chitra chitra	Asian narrow-headed softshell turtle
GCA_054135685.1	Palea_steindachneri__Wattle-necked_softshell_turtle__HLpalStei1__GCA_054135685.1	Palea steindachneri	Wattle-necked softshell turtle
GCA_032595735.1	Pelochelys_cantorii__Cantors_giant_softshell_turtle__HLpelCant1__GCA_032595735.1	Pelochelys cantorii	Cantors giant softshell turtle
GCA_051311755.1	Pelodiscus_sinensis__Chinese_soft-shelled_turtle__HLpelSine2A__GCA_051311755.1	Pelodiscus sinensis	Chinese soft-shelled turtle
GCA_052426305.1	Pelodiscus_sinensis__Chinese_soft-shelled_turtle__HLpelSine3__GCA_052426305.1	Pelodiscus sinensis	Chinese soft-shelled turtle
GCA_019425775.1	Rafetus_swinhoei__Swinhoes_soft-shelled_turtle__HLrafSwi1__GCA_019425775.1	Rafetus swinhoei	Swinhoes soft-shelled turtle
GCA_977009205.1	Trionyx_triunguis__African_softshell_turtle__HLtriTriu1__GCA_977009205.1	Trionyx triunguis	African softshell turtle
MPI-CBG	Chelodina_parkeri__Parkers_snake-necked_turtle__HLchePar1	Chelodina parkeri	Parkers snake-necked turtle
MPI-CBG	Elseya_novaeguineae__New_Guinea_snapping_turtle__HLelsNov1A	Elseya novaeguineae	New Guinea snapping turtle
MPI-CBG	Elseya_novaeguineae__New_Guinea_snapping_turtle__HLelsNov1B	Elseya novaeguineae	New Guinea snapping turtle
GCA_007922225.1	Emydura_subglobosa__Red-bellied_short-necked_turtle__HLemySub1__GCA_007922225.1	Emydura subglobosa	Red-bellied short-necked turtle
GCA_054346155.1	Emydura_subglobosa__Red-bellied_short-necked_turtle__HLemySubg2__GCA_054346155.1	Emydura subglobosa	Red-bellied short-necked turtle
GCF_026122565.2	Emydura_macquarii_macquarii__Murray_river_turtle__HLemyMacqMac1__GCF_026122565.2	Emydura macquarii macquarii	Murray river turtle
MPI-CBG	Hydromedusa_tectifera__Argentine_snake-necked_turtle__HLhydTec1	Hydromedusa tectifera	Argentine snake-necked turtle
GCA_007922155.1	Mesoclemmys_tuberculata__Tuberculate_toadhead_turtle__HLmesTub1__GCA_007922155.1	Mesoclemmys tuberculata	Tuberculate toadhead turtle
GCA_040894355.2	Myuchelys_georgesi__Bellinger_river_turtle__HLmyuGeor1__GCA_040894355.2	Myuchelys georgesi	Bellinger river turtle
MPI-CBG	Pelomedusa_somalica__Somali_helmeted_turtle__HLpelSom1	Pelomedusa somalica	Somali helmeted turtle
GCA_044758295.1	Pelomedusa_subrufa__African_helmeted_turtle__HLpelSubr1__GCA_044758295.1	Pelomedusa subrufa	African helmeted turtle
GCA_007922175.1	Pelusios_castaneus__West_African_mud_turtle__HLpelCas1__GCA_007922175.1	Pelusios castaneus	West African mud turtle
MPI-CBG	Erymnochelys_madagascariensis__Madagascan_big-headed_turtle__HLeryMad1	Erymnochelys madagascariensis	Madagascan big-headed turtle
MPI-CBG	Peltocephalus_dumerilianus__big-headed_amazon_river_turtle__HLpelDum1	Peltocephalus dumerilianus	big-headed amazon river turtle
GCA_045364815.1	Podocnemis_expansa__Arrau_turtle__HLpodExpa2A__GCA_045364815.1	Podocnemis expansa	Arrau turtle
GCA_045364785.1	Podocnemis_expansa__Arrau_turtle__HLpodExpa2B__GCA_045364785.1	Podocnemis expansa	Arrau turtle
GCA_050000005.1	Podocnemis_unifilis__Yellow-spotted_Amazon_River_turtle__HLpodUnif2__GCA_050000005.1	Podocnemis unifilis	Yellow-spotted Amazon River turtle
